2025-10-30 11:19:14 - INFO - Conexão com o banco de dados estabelecida com sucesso.
2025-10-30 11:19:14 - INFO - Tabela criada com sucesso.
2025-10-30 11:19:14 - INFO - Tabela criada com sucesso.
2025-10-30 11:19:14 - INFO - Número total de aplicativos carregados: 273744
2025-10-30 11:19:42 - INFO - Número de AppIDs a processar: 271600
2025-10-30 11:19:53 - INFO - ================================================================================
2025-10-30 11:19:53 - INFO - Teste 0: Batch Size=200, Delay=120, Concurrency=1
2025-10-30 11:49:53 - INFO - === PROCESSAMENTO EM BATCHES ===
2025-10-30 11:49:53 - INFO - Total de itens: 5,000
2025-10-30 11:49:53 - INFO - Tamanho do batch: 200
2025-10-30 11:49:53 - INFO - Total de batches: 25
2025-10-30 11:49:53 - INFO - Delay entre batches: 120s
2025-10-30 11:49:53 - INFO - Concorrência por batch: 1
2025-10-30 11:49:53 - INFO - ================================

2025-10-30 11:49:53 - INFO - Batch 1/25 - Processando itens 1 a 200 (200 itens)...
2025-10-30 11:49:53 - INFO - Iniciando busca de 'DETALHES' assíncrona para 200 AppIDs com concorrência 1...
2025-10-30 11:51:10 - INFO - Busca assíncrona concluída.
2025-10-30 11:51:10 - INFO - --- Busca concluída: ---
2025-10-30 11:51:10 - INFO - 5 sucesso(s) (2.50%),
2025-10-30 11:51:10 - INFO - 195 falha(s) (97.50%).
2025-10-30 11:51:10 - INFO - --- Detalhamento dos erros: ---
2025-10-30 11:51:10 - INFO - * HTTP: 0 (403 Forbidden: 0, 429 Too Many Requests: 0)
2025-10-30 11:51:10 - INFO - * Timeout: 0
2025-10-30 11:51:10 - INFO - * Ausentes: 194
2025-10-30 11:51:10 - INFO - * Outros: 0
2025-10-30 11:51:10 - INFO - Aguardando 120s antes do próximo batch...

2025-10-30 11:53:10 - INFO - Batch 2/25 - Processando itens 201 a 400 (200 itens)...
2025-10-30 11:53:10 - INFO - Iniciando busca de 'DETALHES' assíncrona para 200 AppIDs com concorrência 1...
2025-10-30 11:54:28 - INFO - Busca assíncrona concluída.
2025-10-30 11:54:28 - INFO - --- Busca concluída: ---
2025-10-30 11:54:28 - INFO - 0 sucesso(s) (0.00%),
2025-10-30 11:54:28 - INFO - 200 falha(s) (100.00%).
2025-10-30 11:54:28 - INFO - --- Detalhamento dos erros: ---
2025-10-30 11:54:28 - INFO - * HTTP: 200 (403 Forbidden: 0, 429 Too Many Requests: 200)
2025-10-30 11:54:28 - INFO - * Timeout: 0
2025-10-30 11:54:28 - INFO - * Ausentes: 0
2025-10-30 11:54:28 - INFO - * Outros: 0
2025-10-30 11:54:28 - INFO - Aguardando 120s antes do próximo batch...

2025-10-30 11:56:28 - INFO - Batch 3/25 - Processando itens 401 a 600 (200 itens)...
2025-10-30 11:56:28 - INFO - Iniciando busca de 'DETALHES' assíncrona para 200 AppIDs com concorrência 1...
2025-10-30 11:57:56 - INFO - Busca assíncrona concluída.
2025-10-30 11:57:56 - INFO - --- Busca concluída: ---
2025-10-30 11:57:56 - INFO - 1 sucesso(s) (0.50%),
2025-10-30 11:57:56 - INFO - 199 falha(s) (99.50%).
2025-10-30 11:57:56 - INFO - --- Detalhamento dos erros: ---
2025-10-30 11:57:56 - INFO - * HTTP: 0 (403 Forbidden: 0, 429 Too Many Requests: 0)
2025-10-30 11:57:56 - INFO - * Timeout: 0
2025-10-30 11:57:56 - INFO - * Ausentes: 199
2025-10-30 11:57:56 - INFO - * Outros: 0
2025-10-30 11:57:56 - INFO - Aguardando 120s antes do próximo batch...

2025-10-30 11:59:56 - INFO - Batch 4/25 - Processando itens 601 a 800 (200 itens)...
2025-10-30 11:59:56 - INFO - Iniciando busca de 'DETALHES' assíncrona para 200 AppIDs com concorrência 1...
2025-10-30 12:01:19 - INFO - Busca assíncrona concluída.
2025-10-30 12:01:19 - INFO - --- Busca concluída: ---
2025-10-30 12:01:19 - INFO - 0 sucesso(s) (0.00%),
2025-10-30 12:01:19 - INFO - 200 falha(s) (100.00%).
2025-10-30 12:01:19 - INFO - --- Detalhamento dos erros: ---
2025-10-30 12:01:19 - INFO - * HTTP: 200 (403 Forbidden: 0, 429 Too Many Requests: 200)
2025-10-30 12:01:19 - INFO - * Timeout: 0
2025-10-30 12:01:19 - INFO - * Ausentes: 0
2025-10-30 12:01:19 - INFO - * Outros: 0
2025-10-30 12:01:19 - INFO - Aguardando 120s antes do próximo batch...

2025-10-30 12:03:19 - INFO - Batch 5/25 - Processando itens 801 a 1000 (200 itens)...
2025-10-30 12:03:19 - INFO - Iniciando busca de 'DETALHES' assíncrona para 200 AppIDs com concorrência 1...
2025-10-30 12:04:40 - INFO - Busca assíncrona concluída.
2025-10-30 12:04:40 - INFO - --- Busca concluída: ---
2025-10-30 12:04:40 - INFO - 0 sucesso(s) (0.00%),
2025-10-30 12:04:40 - INFO - 200 falha(s) (100.00%).
2025-10-30 12:04:40 - INFO - --- Detalhamento dos erros: ---
2025-10-30 12:04:40 - INFO - * HTTP: 0 (403 Forbidden: 0, 429 Too Many Requests: 0)
2025-10-30 12:04:40 - INFO - * Timeout: 0
2025-10-30 12:04:40 - INFO - * Ausentes: 200
2025-10-30 12:04:40 - INFO - * Outros: 0
2025-10-30 12:04:40 - INFO - Aguardando 120s antes do próximo batch...

2025-10-30 12:06:40 - INFO - Batch 6/25 - Processando itens 1001 a 1200 (200 itens)...
2025-10-30 12:06:40 - INFO - Iniciando busca de 'DETALHES' assíncrona para 200 AppIDs com concorrência 1...
2025-10-30 12:07:59 - INFO - Busca assíncrona concluída.
2025-10-30 12:07:59 - INFO - --- Busca concluída: ---
2025-10-30 12:07:59 - INFO - 0 sucesso(s) (0.00%),
2025-10-30 12:07:59 - INFO - 200 falha(s) (100.00%).
2025-10-30 12:07:59 - INFO - --- Detalhamento dos erros: ---
2025-10-30 12:07:59 - INFO - * HTTP: 200 (403 Forbidden: 0, 429 Too Many Requests: 200)
2025-10-30 12:07:59 - INFO - * Timeout: 0
2025-10-30 12:07:59 - INFO - * Ausentes: 0
2025-10-30 12:07:59 - INFO - * Outros: 0
2025-10-30 12:07:59 - INFO - Aguardando 120s antes do próximo batch...

2025-10-30 12:09:59 - INFO - Batch 7/25 - Processando itens 1201 a 1400 (200 itens)...
2025-10-30 12:09:59 - INFO - Iniciando busca de 'DETALHES' assíncrona para 200 AppIDs com concorrência 1...
2025-10-30 12:11:22 - INFO - Busca assíncrona concluída.
2025-10-30 12:11:22 - INFO - --- Busca concluída: ---
2025-10-30 12:11:22 - INFO - 66 sucesso(s) (33.00%),
2025-10-30 12:11:22 - INFO - 134 falha(s) (67.00%).
2025-10-30 12:11:22 - INFO - --- Detalhamento dos erros: ---
2025-10-30 12:11:22 - INFO - * HTTP: 0 (403 Forbidden: 0, 429 Too Many Requests: 0)
2025-10-30 12:11:22 - INFO - * Timeout: 0
2025-10-30 12:11:22 - INFO - * Ausentes: 130
2025-10-30 12:11:22 - INFO - * Outros: 0
2025-10-30 12:11:22 - INFO - Aguardando 120s antes do próximo batch...

2025-10-30 12:13:22 - INFO - Batch 8/25 - Processando itens 1401 a 1600 (200 itens)...
2025-10-30 12:13:22 - INFO - Iniciando busca de 'DETALHES' assíncrona para 200 AppIDs com concorrência 1...
2025-10-30 12:14:42 - INFO - Busca assíncrona concluída.
2025-10-30 12:14:42 - INFO - --- Busca concluída: ---
2025-10-30 12:14:42 - INFO - 0 sucesso(s) (0.00%),
2025-10-30 12:14:42 - INFO - 200 falha(s) (100.00%).
2025-10-30 12:14:42 - INFO - --- Detalhamento dos erros: ---
2025-10-30 12:14:42 - INFO - * HTTP: 200 (403 Forbidden: 0, 429 Too Many Requests: 200)
2025-10-30 12:14:42 - INFO - * Timeout: 0
2025-10-30 12:14:42 - INFO - * Ausentes: 0
2025-10-30 12:14:42 - INFO - * Outros: 0
2025-10-30 12:14:42 - INFO - Aguardando 120s antes do próximo batch...

2025-10-30 12:16:42 - INFO - Batch 9/25 - Processando itens 1601 a 1800 (200 itens)...
2025-10-30 12:16:42 - INFO - Iniciando busca de 'DETALHES' assíncrona para 200 AppIDs com concorrência 1...
2025-10-30 12:18:11 - INFO - Busca assíncrona concluída.
2025-10-30 12:18:11 - INFO - --- Busca concluída: ---
2025-10-30 12:18:11 - INFO - 143 sucesso(s) (71.50%),
2025-10-30 12:18:11 - INFO - 57 falha(s) (28.50%).
2025-10-30 12:18:11 - INFO - --- Detalhamento dos erros: ---
2025-10-30 12:18:11 - INFO - * HTTP: 0 (403 Forbidden: 0, 429 Too Many Requests: 0)
2025-10-30 12:18:11 - INFO - * Timeout: 0
2025-10-30 12:18:11 - INFO - * Ausentes: 55
2025-10-30 12:18:11 - INFO - * Outros: 0
2025-10-30 12:18:11 - INFO - Aguardando 120s antes do próximo batch...

2025-10-30 12:20:11 - INFO - Batch 10/25 - Processando itens 1801 a 2000 (200 itens)...
2025-10-30 12:20:11 - INFO - Iniciando busca de 'DETALHES' assíncrona para 200 AppIDs com concorrência 1...
2025-10-30 12:21:35 - INFO - Busca assíncrona concluída.
2025-10-30 12:21:35 - INFO - --- Busca concluída: ---
2025-10-30 12:21:35 - INFO - 0 sucesso(s) (0.00%),
2025-10-30 12:21:35 - INFO - 200 falha(s) (100.00%).
2025-10-30 12:21:35 - INFO - --- Detalhamento dos erros: ---
2025-10-30 12:21:35 - INFO - * HTTP: 200 (403 Forbidden: 0, 429 Too Many Requests: 200)
2025-10-30 12:21:35 - INFO - * Timeout: 0
2025-10-30 12:21:35 - INFO - * Ausentes: 0
2025-10-30 12:21:35 - INFO - * Outros: 0
2025-10-30 12:21:35 - INFO - Aguardando 120s antes do próximo batch...

2025-10-30 12:23:35 - INFO - Batch 11/25 - Processando itens 2001 a 2200 (200 itens)...
2025-10-30 12:23:35 - INFO - Iniciando busca de 'DETALHES' assíncrona para 200 AppIDs com concorrência 1...
2025-10-30 12:24:53 - INFO - Busca assíncrona concluída.
2025-10-30 12:24:53 - INFO - --- Busca concluída: ---
2025-10-30 12:24:53 - INFO - 82 sucesso(s) (41.00%),
2025-10-30 12:24:53 - INFO - 118 falha(s) (59.00%).
2025-10-30 12:24:53 - INFO - --- Detalhamento dos erros: ---
2025-10-30 12:24:53 - INFO - * HTTP: 0 (403 Forbidden: 0, 429 Too Many Requests: 0)
2025-10-30 12:24:53 - INFO - * Timeout: 0
2025-10-30 12:24:53 - INFO - * Ausentes: 113
2025-10-30 12:24:53 - INFO - * Outros: 0
2025-10-30 12:24:53 - INFO - Aguardando 120s antes do próximo batch...

2025-10-30 12:26:53 - INFO - Batch 12/25 - Processando itens 2201 a 2400 (200 itens)...
2025-10-30 12:26:53 - INFO - Iniciando busca de 'DETALHES' assíncrona para 200 AppIDs com concorrência 1...
2025-10-30 12:28:13 - INFO - Busca assíncrona concluída.
2025-10-30 12:28:13 - INFO - --- Busca concluída: ---
2025-10-30 12:28:13 - INFO - 0 sucesso(s) (0.00%),
2025-10-30 12:28:13 - INFO - 200 falha(s) (100.00%).
2025-10-30 12:28:13 - INFO - --- Detalhamento dos erros: ---
2025-10-30 12:28:13 - INFO - * HTTP: 200 (403 Forbidden: 0, 429 Too Many Requests: 200)
2025-10-30 12:28:13 - INFO - * Timeout: 0
2025-10-30 12:28:13 - INFO - * Ausentes: 0
2025-10-30 12:28:13 - INFO - * Outros: 0
2025-10-30 12:28:13 - INFO - Aguardando 120s antes do próximo batch...

2025-10-30 12:30:13 - INFO - Batch 13/25 - Processando itens 2401 a 2600 (200 itens)...
2025-10-30 12:30:13 - INFO - Iniciando busca de 'DETALHES' assíncrona para 200 AppIDs com concorrência 1...
2025-10-30 12:31:38 - INFO - Busca assíncrona concluída.
2025-10-30 12:31:38 - INFO - --- Busca concluída: ---
2025-10-30 12:31:38 - INFO - 87 sucesso(s) (43.50%),
2025-10-30 12:31:38 - INFO - 113 falha(s) (56.50%).
2025-10-30 12:31:38 - INFO - --- Detalhamento dos erros: ---
2025-10-30 12:31:38 - INFO - * HTTP: 0 (403 Forbidden: 0, 429 Too Many Requests: 0)
2025-10-30 12:31:38 - INFO - * Timeout: 0
2025-10-30 12:31:38 - INFO - * Ausentes: 111
2025-10-30 12:31:38 - INFO - * Outros: 0
2025-10-30 12:31:38 - INFO - Aguardando 120s antes do próximo batch...

2025-10-30 12:33:38 - INFO - Batch 14/25 - Processando itens 2601 a 2800 (200 itens)...
2025-10-30 12:33:38 - INFO - Iniciando busca de 'DETALHES' assíncrona para 200 AppIDs com concorrência 1...
2025-10-30 12:35:06 - INFO - Busca assíncrona concluída.
2025-10-30 12:35:06 - INFO - --- Busca concluída: ---
2025-10-30 12:35:06 - INFO - 0 sucesso(s) (0.00%),
2025-10-30 12:35:06 - INFO - 200 falha(s) (100.00%).
2025-10-30 12:35:06 - INFO - --- Detalhamento dos erros: ---
2025-10-30 12:35:06 - INFO - * HTTP: 200 (403 Forbidden: 0, 429 Too Many Requests: 200)
2025-10-30 12:35:06 - INFO - * Timeout: 0
2025-10-30 12:35:06 - INFO - * Ausentes: 0
2025-10-30 12:35:06 - INFO - * Outros: 0
2025-10-30 12:35:06 - INFO - Aguardando 120s antes do próximo batch...

2025-10-30 12:37:06 - INFO - Batch 15/25 - Processando itens 2801 a 3000 (200 itens)...
2025-10-30 12:37:06 - INFO - Iniciando busca de 'DETALHES' assíncrona para 200 AppIDs com concorrência 1...
2025-10-30 12:38:31 - INFO - Busca assíncrona concluída.
2025-10-30 12:38:31 - INFO - --- Busca concluída: ---
2025-10-30 12:38:31 - INFO - 118 sucesso(s) (59.00%),
2025-10-30 12:38:31 - INFO - 82 falha(s) (41.00%).
2025-10-30 12:38:31 - INFO - --- Detalhamento dos erros: ---
2025-10-30 12:38:31 - INFO - * HTTP: 0 (403 Forbidden: 0, 429 Too Many Requests: 0)
2025-10-30 12:38:31 - INFO - * Timeout: 0
2025-10-30 12:38:31 - INFO - * Ausentes: 81
2025-10-30 12:38:31 - INFO - * Outros: 0
2025-10-30 12:38:31 - INFO - Aguardando 120s antes do próximo batch...

2025-10-30 12:40:31 - INFO - Batch 16/25 - Processando itens 3001 a 3200 (200 itens)...
2025-10-30 12:40:31 - INFO - Iniciando busca de 'DETALHES' assíncrona para 200 AppIDs com concorrência 1...
2025-10-30 12:41:53 - INFO - Busca assíncrona concluída.
2025-10-30 12:41:53 - INFO - --- Busca concluída: ---
2025-10-30 12:41:53 - INFO - 0 sucesso(s) (0.00%),
2025-10-30 12:41:53 - INFO - 200 falha(s) (100.00%).
2025-10-30 12:41:53 - INFO - --- Detalhamento dos erros: ---
2025-10-30 12:41:53 - INFO - * HTTP: 200 (403 Forbidden: 0, 429 Too Many Requests: 200)
2025-10-30 12:41:53 - INFO - * Timeout: 0
2025-10-30 12:41:53 - INFO - * Ausentes: 0
2025-10-30 12:41:53 - INFO - * Outros: 0
2025-10-30 12:41:53 - INFO - Aguardando 120s antes do próximo batch...

2025-10-30 12:43:53 - INFO - Batch 17/25 - Processando itens 3201 a 3400 (200 itens)...
2025-10-30 12:43:53 - INFO - Iniciando busca de 'DETALHES' assíncrona para 200 AppIDs com concorrência 1...
2025-10-30 12:45:40 - INFO - Busca assíncrona concluída.
2025-10-30 12:45:40 - INFO - --- Busca concluída: ---
2025-10-30 12:45:40 - INFO - 80 sucesso(s) (40.00%),
2025-10-30 12:45:40 - INFO - 120 falha(s) (60.00%).
2025-10-30 12:45:40 - INFO - --- Detalhamento dos erros: ---
2025-10-30 12:45:40 - INFO - * HTTP: 0 (403 Forbidden: 0, 429 Too Many Requests: 0)
2025-10-30 12:45:40 - INFO - * Timeout: 0
2025-10-30 12:45:40 - INFO - * Ausentes: 119
2025-10-30 12:45:40 - INFO - * Outros: 0
2025-10-30 12:45:40 - INFO - Aguardando 120s antes do próximo batch...

2025-10-30 12:47:40 - INFO - Batch 18/25 - Processando itens 3401 a 3600 (200 itens)...
2025-10-30 12:47:40 - INFO - Iniciando busca de 'DETALHES' assíncrona para 200 AppIDs com concorrência 1...
2025-10-30 12:49:01 - INFO - Busca assíncrona concluída.
2025-10-30 12:49:01 - INFO - --- Busca concluída: ---
2025-10-30 12:49:01 - INFO - 8 sucesso(s) (4.00%),
2025-10-30 12:49:01 - INFO - 192 falha(s) (96.00%).
2025-10-30 12:49:01 - INFO - --- Detalhamento dos erros: ---
2025-10-30 12:49:01 - INFO - * HTTP: 179 (403 Forbidden: 0, 429 Too Many Requests: 179)
2025-10-30 12:49:01 - INFO - * Timeout: 0
2025-10-30 12:49:01 - INFO - * Ausentes: 12
2025-10-30 12:49:01 - INFO - * Outros: 0
2025-10-30 12:49:01 - INFO - Aguardando 120s antes do próximo batch...

2025-10-30 12:51:01 - INFO - Batch 19/25 - Processando itens 3601 a 3800 (200 itens)...
2025-10-30 12:51:01 - INFO - Iniciando busca de 'DETALHES' assíncrona para 200 AppIDs com concorrência 1...
2025-10-30 12:52:25 - INFO - Busca assíncrona concluída.
2025-10-30 12:52:25 - INFO - --- Busca concluída: ---
2025-10-30 12:52:25 - INFO - 84 sucesso(s) (42.00%),
2025-10-30 12:52:25 - INFO - 116 falha(s) (58.00%).
2025-10-30 12:52:25 - INFO - --- Detalhamento dos erros: ---
2025-10-30 12:52:25 - INFO - * HTTP: 21 (403 Forbidden: 0, 429 Too Many Requests: 21)
2025-10-30 12:52:25 - INFO - * Timeout: 0
2025-10-30 12:52:25 - INFO - * Ausentes: 94
2025-10-30 12:52:25 - INFO - * Outros: 0
2025-10-30 12:52:25 - INFO - Aguardando 120s antes do próximo batch...

2025-10-30 12:54:25 - INFO - Batch 20/25 - Processando itens 3801 a 4000 (200 itens)...
2025-10-30 12:54:25 - INFO - Iniciando busca de 'DETALHES' assíncrona para 200 AppIDs com concorrência 1...
2025-10-30 12:55:48 - INFO - Busca assíncrona concluída.
2025-10-30 12:55:48 - INFO - --- Busca concluída: ---
2025-10-30 12:55:48 - INFO - 1 sucesso(s) (0.50%),
2025-10-30 12:55:48 - INFO - 199 falha(s) (99.50%).
2025-10-30 12:55:48 - INFO - --- Detalhamento dos erros: ---
2025-10-30 12:55:48 - INFO - * HTTP: 0 (403 Forbidden: 0, 429 Too Many Requests: 0)
2025-10-30 12:55:48 - INFO - * Timeout: 0
2025-10-30 12:55:48 - INFO - * Ausentes: 199
2025-10-30 12:55:48 - INFO - * Outros: 0
2025-10-30 12:55:48 - INFO - Aguardando 120s antes do próximo batch...

2025-10-30 12:57:48 - INFO - Batch 21/25 - Processando itens 4001 a 4200 (200 itens)...
2025-10-30 12:57:48 - INFO - Iniciando busca de 'DETALHES' assíncrona para 200 AppIDs com concorrência 1...
2025-10-30 12:59:08 - INFO - Busca assíncrona concluída.
2025-10-30 12:59:08 - INFO - --- Busca concluída: ---
2025-10-30 12:59:08 - INFO - 0 sucesso(s) (0.00%),
2025-10-30 12:59:08 - INFO - 200 falha(s) (100.00%).
2025-10-30 12:59:08 - INFO - --- Detalhamento dos erros: ---
2025-10-30 12:59:08 - INFO - * HTTP: 200 (403 Forbidden: 0, 429 Too Many Requests: 200)
2025-10-30 12:59:08 - INFO - * Timeout: 0
2025-10-30 12:59:08 - INFO - * Ausentes: 0
2025-10-30 12:59:08 - INFO - * Outros: 0
2025-10-30 12:59:08 - INFO - Aguardando 120s antes do próximo batch...

2025-10-30 13:01:08 - INFO - Batch 22/25 - Processando itens 4201 a 4400 (200 itens)...
2025-10-30 13:01:08 - INFO - Iniciando busca de 'DETALHES' assíncrona para 200 AppIDs com concorrência 1...
2025-10-30 13:02:30 - INFO - Busca assíncrona concluída.
2025-10-30 13:02:30 - INFO - --- Busca concluída: ---
2025-10-30 13:02:30 - INFO - 0 sucesso(s) (0.00%),
2025-10-30 13:02:30 - INFO - 200 falha(s) (100.00%).
2025-10-30 13:02:30 - INFO - --- Detalhamento dos erros: ---
2025-10-30 13:02:30 - INFO - * HTTP: 0 (403 Forbidden: 0, 429 Too Many Requests: 0)
2025-10-30 13:02:30 - INFO - * Timeout: 0
2025-10-30 13:02:30 - INFO - * Ausentes: 200
2025-10-30 13:02:30 - INFO - * Outros: 0
2025-10-30 13:02:30 - INFO - Aguardando 120s antes do próximo batch...

2025-10-30 13:04:30 - INFO - Batch 23/25 - Processando itens 4401 a 4600 (200 itens)...
2025-10-30 13:04:30 - INFO - Iniciando busca de 'DETALHES' assíncrona para 200 AppIDs com concorrência 1...
2025-10-30 13:05:55 - INFO - Busca assíncrona concluída.
2025-10-30 13:05:55 - INFO - --- Busca concluída: ---
2025-10-30 13:05:55 - INFO - 0 sucesso(s) (0.00%),
2025-10-30 13:05:55 - INFO - 200 falha(s) (100.00%).
2025-10-30 13:05:55 - INFO - --- Detalhamento dos erros: ---
2025-10-30 13:05:55 - INFO - * HTTP: 200 (403 Forbidden: 0, 429 Too Many Requests: 200)
2025-10-30 13:05:55 - INFO - * Timeout: 0
2025-10-30 13:05:55 - INFO - * Ausentes: 0
2025-10-30 13:05:55 - INFO - * Outros: 0
2025-10-30 13:05:55 - INFO - Aguardando 120s antes do próximo batch...

2025-10-30 13:07:55 - INFO - Batch 24/25 - Processando itens 4601 a 4800 (200 itens)...
2025-10-30 13:07:55 - INFO - Iniciando busca de 'DETALHES' assíncrona para 200 AppIDs com concorrência 1...
2025-10-30 13:09:19 - INFO - Busca assíncrona concluída.
2025-10-30 13:09:19 - INFO - --- Busca concluída: ---
2025-10-30 13:09:19 - INFO - 0 sucesso(s) (0.00%),
2025-10-30 13:09:19 - INFO - 200 falha(s) (100.00%).
2025-10-30 13:09:19 - INFO - --- Detalhamento dos erros: ---
2025-10-30 13:09:19 - INFO - * HTTP: 0 (403 Forbidden: 0, 429 Too Many Requests: 0)
2025-10-30 13:09:19 - INFO - * Timeout: 0
2025-10-30 13:09:19 - INFO - * Ausentes: 200
2025-10-30 13:09:19 - INFO - * Outros: 0
2025-10-30 13:09:19 - INFO - Aguardando 120s antes do próximo batch...

2025-10-30 13:11:19 - INFO - Batch 25/25 - Processando itens 4801 a 5000 (200 itens)...
2025-10-30 13:11:19 - INFO - Iniciando busca de 'DETALHES' assíncrona para 200 AppIDs com concorrência 1...
2025-10-30 13:12:46 - INFO - Busca assíncrona concluída.
2025-10-30 13:12:46 - INFO - --- Busca concluída: ---
2025-10-30 13:12:46 - INFO - 0 sucesso(s) (0.00%),
2025-10-30 13:12:46 - INFO - 200 falha(s) (100.00%).
2025-10-30 13:12:46 - INFO - --- Detalhamento dos erros: ---
2025-10-30 13:12:46 - INFO - * HTTP: 200 (403 Forbidden: 0, 429 Too Many Requests: 200)
2025-10-30 13:12:46 - INFO - * Timeout: 0
2025-10-30 13:12:46 - INFO - * Ausentes: 0
2025-10-30 13:12:46 - INFO - * Outros: 0
2025-10-30 13:12:46 - INFO - 
PROCESSAMENTO COMPLETO!
2025-10-30 13:12:46 - INFO - Total processado: 675 sucessos de 5,000 itens (13.50%)
2025-10-30 13:42:46 - INFO - === PROCESSAMENTO EM BATCHES (REVIEWS) ===
2025-10-30 13:42:46 - INFO - Total de itens: 5,000
2025-10-30 13:42:46 - INFO - Tamanho do batch: 200
2025-10-30 13:42:46 - INFO - Total de batches: 25
2025-10-30 13:42:46 - INFO - Delay entre batches: 120s
2025-10-30 13:42:46 - INFO - Concorrência por batch: 1
2025-10-30 13:42:46 - INFO - ==========================================

2025-10-30 13:42:46 - INFO - Batch 1/25 - Processando itens 1 a 200 (200 itens)...
2025-10-30 13:42:46 - INFO - Iniciando busca de 'REVIEWS' assíncrona para 200 AppIDs com concorrência 1...
2025-10-30 13:44:26 - INFO - Busca assíncrona concluída.
2025-10-30 13:44:26 - INFO - --- Busca concluída: ---
2025-10-30 13:44:26 - INFO - 7 sucesso(s) (3.50%),
2025-10-30 13:44:26 - INFO - 193 falha(s) (96.50%).
2025-10-30 13:44:26 - INFO - --- Detalhamento dos erros: ---
2025-10-30 13:44:26 - INFO - * HTTP: 0 (403 Forbidden: 0, 429 Too Many Requests: 0)
2025-10-30 13:44:26 - INFO - * Timeout: 0
2025-10-30 13:44:26 - INFO - * Ausentes: 193
2025-10-30 13:44:26 - INFO - * Outros: 0
2025-10-30 13:44:26 - INFO - Aguardando 120s antes do próximo batch...

2025-10-30 13:46:26 - INFO - Batch 2/25 - Processando itens 201 a 400 (200 itens)...
2025-10-30 13:46:26 - INFO - Iniciando busca de 'REVIEWS' assíncrona para 200 AppIDs com concorrência 1...
2025-10-30 13:48:07 - INFO - Busca assíncrona concluída.
2025-10-30 13:48:07 - INFO - --- Busca concluída: ---
2025-10-30 13:48:07 - INFO - 114 sucesso(s) (57.00%),
2025-10-30 13:48:07 - INFO - 86 falha(s) (43.00%).
2025-10-30 13:48:07 - INFO - --- Detalhamento dos erros: ---
2025-10-30 13:48:07 - INFO - * HTTP: 0 (403 Forbidden: 0, 429 Too Many Requests: 0)
2025-10-30 13:48:07 - INFO - * Timeout: 0
2025-10-30 13:48:07 - INFO - * Ausentes: 86
2025-10-30 13:48:07 - INFO - * Outros: 0
2025-10-30 13:48:07 - INFO - Aguardando 120s antes do próximo batch...

2025-10-30 13:50:07 - INFO - Batch 3/25 - Processando itens 401 a 600 (200 itens)...
2025-10-30 13:50:07 - INFO - Iniciando busca de 'REVIEWS' assíncrona para 200 AppIDs com concorrência 1...
2025-10-30 13:51:38 - INFO - Busca assíncrona concluída.
2025-10-30 13:51:38 - INFO - --- Busca concluída: ---
2025-10-30 13:51:38 - INFO - 0 sucesso(s) (0.00%),
2025-10-30 13:51:38 - INFO - 200 falha(s) (100.00%).
2025-10-30 13:51:38 - INFO - --- Detalhamento dos erros: ---
2025-10-30 13:51:38 - INFO - * HTTP: 0 (403 Forbidden: 0, 429 Too Many Requests: 0)
2025-10-30 13:51:38 - INFO - * Timeout: 0
2025-10-30 13:51:38 - INFO - * Ausentes: 200
2025-10-30 13:51:38 - INFO - * Outros: 0
2025-10-30 13:51:38 - INFO - Aguardando 120s antes do próximo batch...

2025-10-30 13:53:38 - INFO - Batch 4/25 - Processando itens 601 a 800 (200 itens)...
2025-10-30 13:53:38 - INFO - Iniciando busca de 'REVIEWS' assíncrona para 200 AppIDs com concorrência 1...
2025-10-30 13:55:11 - INFO - Busca assíncrona concluída.
2025-10-30 13:55:11 - INFO - --- Busca concluída: ---
2025-10-30 13:55:11 - INFO - 0 sucesso(s) (0.00%),
2025-10-30 13:55:11 - INFO - 200 falha(s) (100.00%).
2025-10-30 13:55:11 - INFO - --- Detalhamento dos erros: ---
2025-10-30 13:55:11 - INFO - * HTTP: 0 (403 Forbidden: 0, 429 Too Many Requests: 0)
2025-10-30 13:55:11 - INFO - * Timeout: 0
2025-10-30 13:55:11 - INFO - * Ausentes: 200
2025-10-30 13:55:11 - INFO - * Outros: 0
2025-10-30 13:55:11 - INFO - Aguardando 120s antes do próximo batch...

2025-10-30 13:57:11 - INFO - Batch 5/25 - Processando itens 801 a 1000 (200 itens)...
2025-10-30 13:57:11 - INFO - Iniciando busca de 'REVIEWS' assíncrona para 200 AppIDs com concorrência 1...
2025-10-30 13:58:48 - INFO - Busca assíncrona concluída.
2025-10-30 13:58:48 - INFO - --- Busca concluída: ---
2025-10-30 13:58:48 - INFO - 0 sucesso(s) (0.00%),
2025-10-30 13:58:48 - INFO - 200 falha(s) (100.00%).
2025-10-30 13:58:48 - INFO - --- Detalhamento dos erros: ---
2025-10-30 13:58:48 - INFO - * HTTP: 0 (403 Forbidden: 0, 429 Too Many Requests: 0)
2025-10-30 13:58:48 - INFO - * Timeout: 0
2025-10-30 13:58:48 - INFO - * Ausentes: 200
2025-10-30 13:58:48 - INFO - * Outros: 0
2025-10-30 13:58:48 - INFO - Aguardando 120s antes do próximo batch...

2025-10-30 14:00:48 - INFO - Batch 6/25 - Processando itens 1001 a 1200 (200 itens)...
2025-10-30 14:00:48 - INFO - Iniciando busca de 'REVIEWS' assíncrona para 200 AppIDs com concorrência 1...
2025-10-30 14:02:21 - INFO - Busca assíncrona concluída.
2025-10-30 14:02:21 - INFO - --- Busca concluída: ---
2025-10-30 14:02:21 - INFO - 0 sucesso(s) (0.00%),
2025-10-30 14:02:21 - INFO - 200 falha(s) (100.00%).
2025-10-30 14:02:21 - INFO - --- Detalhamento dos erros: ---
2025-10-30 14:02:21 - INFO - * HTTP: 0 (403 Forbidden: 0, 429 Too Many Requests: 0)
2025-10-30 14:02:21 - INFO - * Timeout: 0
2025-10-30 14:02:21 - INFO - * Ausentes: 200
2025-10-30 14:02:21 - INFO - * Outros: 0
2025-10-30 14:02:21 - INFO - Aguardando 120s antes do próximo batch...

2025-10-30 14:04:21 - INFO - Batch 7/25 - Processando itens 1201 a 1400 (200 itens)...
2025-10-30 14:04:21 - INFO - Iniciando busca de 'REVIEWS' assíncrona para 200 AppIDs com concorrência 1...
2025-10-30 14:05:54 - INFO - Busca assíncrona concluída.
2025-10-30 14:05:54 - INFO - --- Busca concluída: ---
2025-10-30 14:05:54 - INFO - 57 sucesso(s) (28.50%),
2025-10-30 14:05:54 - INFO - 143 falha(s) (71.50%).
2025-10-30 14:05:54 - INFO - --- Detalhamento dos erros: ---
2025-10-30 14:05:54 - INFO - * HTTP: 0 (403 Forbidden: 0, 429 Too Many Requests: 0)
2025-10-30 14:05:54 - INFO - * Timeout: 0
2025-10-30 14:05:54 - INFO - * Ausentes: 143
2025-10-30 14:05:54 - INFO - * Outros: 0
2025-10-30 14:05:54 - INFO - Aguardando 120s antes do próximo batch...

2025-10-30 14:07:54 - INFO - Batch 8/25 - Processando itens 1401 a 1600 (200 itens)...
2025-10-30 14:07:54 - INFO - Iniciando busca de 'REVIEWS' assíncrona para 200 AppIDs com concorrência 1...
2025-10-30 14:09:28 - INFO - Busca assíncrona concluída.
2025-10-30 14:09:28 - INFO - --- Busca concluída: ---
2025-10-30 14:09:28 - INFO - 101 sucesso(s) (50.50%),
2025-10-30 14:09:28 - INFO - 99 falha(s) (49.50%).
2025-10-30 14:09:28 - INFO - --- Detalhamento dos erros: ---
2025-10-30 14:09:28 - INFO - * HTTP: 0 (403 Forbidden: 0, 429 Too Many Requests: 0)
2025-10-30 14:09:28 - INFO - * Timeout: 0
2025-10-30 14:09:28 - INFO - * Ausentes: 99
2025-10-30 14:09:28 - INFO - * Outros: 0
2025-10-30 14:09:28 - INFO - Aguardando 120s antes do próximo batch...

2025-10-30 14:11:28 - INFO - Batch 9/25 - Processando itens 1601 a 1800 (200 itens)...
2025-10-30 14:11:28 - INFO - Iniciando busca de 'REVIEWS' assíncrona para 200 AppIDs com concorrência 1...
2025-10-30 14:12:58 - INFO - Busca assíncrona concluída.
2025-10-30 14:12:58 - INFO - --- Busca concluída: ---
2025-10-30 14:12:58 - INFO - 133 sucesso(s) (66.50%),
2025-10-30 14:12:58 - INFO - 67 falha(s) (33.50%).
2025-10-30 14:12:58 - INFO - --- Detalhamento dos erros: ---
2025-10-30 14:12:58 - INFO - * HTTP: 0 (403 Forbidden: 0, 429 Too Many Requests: 0)
2025-10-30 14:12:58 - INFO - * Timeout: 0
2025-10-30 14:12:58 - INFO - * Ausentes: 67
2025-10-30 14:12:58 - INFO - * Outros: 0
2025-10-30 14:12:58 - INFO - Aguardando 120s antes do próximo batch...

2025-10-30 14:14:58 - INFO - Batch 10/25 - Processando itens 1801 a 2000 (200 itens)...
2025-10-30 14:14:58 - INFO - Iniciando busca de 'REVIEWS' assíncrona para 200 AppIDs com concorrência 1...
2025-10-30 14:16:26 - INFO - Busca assíncrona concluída.
2025-10-30 14:16:26 - INFO - --- Busca concluída: ---
2025-10-30 14:16:26 - INFO - 108 sucesso(s) (54.00%),
2025-10-30 14:16:26 - INFO - 92 falha(s) (46.00%).
2025-10-30 14:16:26 - INFO - --- Detalhamento dos erros: ---
2025-10-30 14:16:26 - INFO - * HTTP: 0 (403 Forbidden: 0, 429 Too Many Requests: 0)
2025-10-30 14:16:26 - INFO - * Timeout: 0
2025-10-30 14:16:26 - INFO - * Ausentes: 92
2025-10-30 14:16:26 - INFO - * Outros: 0
2025-10-30 14:16:26 - INFO - Aguardando 120s antes do próximo batch...

2025-10-30 14:18:26 - INFO - Batch 11/25 - Processando itens 2001 a 2200 (200 itens)...
2025-10-30 14:18:26 - INFO - Iniciando busca de 'REVIEWS' assíncrona para 200 AppIDs com concorrência 1...
2025-10-30 14:20:10 - INFO - Busca assíncrona concluída.
2025-10-30 14:20:10 - INFO - --- Busca concluída: ---
2025-10-30 14:20:10 - INFO - 93 sucesso(s) (46.50%),
2025-10-30 14:20:10 - INFO - 107 falha(s) (53.50%).
2025-10-30 14:20:10 - INFO - --- Detalhamento dos erros: ---
2025-10-30 14:20:10 - INFO - * HTTP: 0 (403 Forbidden: 0, 429 Too Many Requests: 0)
2025-10-30 14:20:10 - INFO - * Timeout: 0
2025-10-30 14:20:10 - INFO - * Ausentes: 107
2025-10-30 14:20:10 - INFO - * Outros: 0
2025-10-30 14:20:10 - INFO - Aguardando 120s antes do próximo batch...

2025-10-30 14:22:10 - INFO - Batch 12/25 - Processando itens 2201 a 2400 (200 itens)...
2025-10-30 14:22:10 - INFO - Iniciando busca de 'REVIEWS' assíncrona para 200 AppIDs com concorrência 1...
2025-10-30 14:23:38 - INFO - Busca assíncrona concluída.
2025-10-30 14:23:38 - INFO - --- Busca concluída: ---
2025-10-30 14:23:38 - INFO - 38 sucesso(s) (19.00%),
2025-10-30 14:23:38 - INFO - 162 falha(s) (81.00%).
2025-10-30 14:23:38 - INFO - --- Detalhamento dos erros: ---
2025-10-30 14:23:38 - INFO - * HTTP: 0 (403 Forbidden: 0, 429 Too Many Requests: 0)
2025-10-30 14:23:38 - INFO - * Timeout: 0
2025-10-30 14:23:38 - INFO - * Ausentes: 162
2025-10-30 14:23:38 - INFO - * Outros: 0
2025-10-30 14:23:38 - INFO - Aguardando 120s antes do próximo batch...

2025-10-30 14:25:38 - INFO - Batch 13/25 - Processando itens 2401 a 2600 (200 itens)...
2025-10-30 14:25:38 - INFO - Iniciando busca de 'REVIEWS' assíncrona para 200 AppIDs com concorrência 1...
2025-10-30 14:27:20 - INFO - Busca assíncrona concluída.
2025-10-30 14:27:20 - INFO - --- Busca concluída: ---
2025-10-30 14:27:20 - INFO - 88 sucesso(s) (44.00%),
2025-10-30 14:27:20 - INFO - 112 falha(s) (56.00%).
2025-10-30 14:27:20 - INFO - --- Detalhamento dos erros: ---
2025-10-30 14:27:20 - INFO - * HTTP: 0 (403 Forbidden: 0, 429 Too Many Requests: 0)
2025-10-30 14:27:20 - INFO - * Timeout: 0
2025-10-30 14:27:20 - INFO - * Ausentes: 112
2025-10-30 14:27:20 - INFO - * Outros: 0
2025-10-30 14:27:20 - INFO - Aguardando 120s antes do próximo batch...

2025-10-30 14:29:20 - INFO - Batch 14/25 - Processando itens 2601 a 2800 (200 itens)...
2025-10-30 14:29:20 - INFO - Iniciando busca de 'REVIEWS' assíncrona para 200 AppIDs com concorrência 1...
2025-10-30 14:31:02 - INFO - Busca assíncrona concluída.
2025-10-30 14:31:02 - INFO - --- Busca concluída: ---
2025-10-30 14:31:02 - INFO - 119 sucesso(s) (59.50%),
2025-10-30 14:31:02 - INFO - 81 falha(s) (40.50%).
2025-10-30 14:31:02 - INFO - --- Detalhamento dos erros: ---
2025-10-30 14:31:02 - INFO - * HTTP: 0 (403 Forbidden: 0, 429 Too Many Requests: 0)
2025-10-30 14:31:02 - INFO - * Timeout: 0
2025-10-30 14:31:02 - INFO - * Ausentes: 81
2025-10-30 14:31:02 - INFO - * Outros: 0
2025-10-30 14:31:02 - INFO - Aguardando 120s antes do próximo batch...

2025-10-30 14:33:02 - INFO - Batch 15/25 - Processando itens 2801 a 3000 (200 itens)...
2025-10-30 14:33:02 - INFO - Iniciando busca de 'REVIEWS' assíncrona para 200 AppIDs com concorrência 1...
2025-10-30 14:34:35 - INFO - Busca assíncrona concluída.
2025-10-30 14:34:35 - INFO - --- Busca concluída: ---
2025-10-30 14:34:35 - INFO - 110 sucesso(s) (55.00%),
2025-10-30 14:34:35 - INFO - 90 falha(s) (45.00%).
2025-10-30 14:34:35 - INFO - --- Detalhamento dos erros: ---
2025-10-30 14:34:35 - INFO - * HTTP: 0 (403 Forbidden: 0, 429 Too Many Requests: 0)
2025-10-30 14:34:35 - INFO - * Timeout: 0
2025-10-30 14:34:35 - INFO - * Ausentes: 90
2025-10-30 14:34:35 - INFO - * Outros: 0
2025-10-30 14:34:35 - INFO - Aguardando 120s antes do próximo batch...

2025-10-30 14:36:35 - INFO - Batch 16/25 - Processando itens 3001 a 3200 (200 itens)...
2025-10-30 14:36:35 - INFO - Iniciando busca de 'REVIEWS' assíncrona para 200 AppIDs com concorrência 1...
2025-10-30 14:38:02 - INFO - Busca assíncrona concluída.
2025-10-30 14:38:02 - INFO - --- Busca concluída: ---
2025-10-30 14:38:02 - INFO - 147 sucesso(s) (73.50%),
2025-10-30 14:38:02 - INFO - 53 falha(s) (26.50%).
2025-10-30 14:38:02 - INFO - --- Detalhamento dos erros: ---
2025-10-30 14:38:02 - INFO - * HTTP: 0 (403 Forbidden: 0, 429 Too Many Requests: 0)
2025-10-30 14:38:02 - INFO - * Timeout: 0
2025-10-30 14:38:02 - INFO - * Ausentes: 53
2025-10-30 14:38:02 - INFO - * Outros: 0
2025-10-30 14:38:02 - INFO - Aguardando 120s antes do próximo batch...

2025-10-30 14:40:02 - INFO - Batch 17/25 - Processando itens 3201 a 3400 (200 itens)...
2025-10-30 14:40:02 - INFO - Iniciando busca de 'REVIEWS' assíncrona para 200 AppIDs com concorrência 1...
2025-10-30 14:41:40 - INFO - Busca assíncrona concluída.
2025-10-30 14:41:40 - INFO - --- Busca concluída: ---
2025-10-30 14:41:40 - INFO - 78 sucesso(s) (39.00%),
2025-10-30 14:41:40 - INFO - 122 falha(s) (61.00%).
2025-10-30 14:41:40 - INFO - --- Detalhamento dos erros: ---
2025-10-30 14:41:40 - INFO - * HTTP: 0 (403 Forbidden: 0, 429 Too Many Requests: 0)
2025-10-30 14:41:40 - INFO - * Timeout: 0
2025-10-30 14:41:40 - INFO - * Ausentes: 122
2025-10-30 14:41:40 - INFO - * Outros: 0
2025-10-30 14:41:40 - INFO - Aguardando 120s antes do próximo batch...

2025-10-30 14:43:40 - INFO - Batch 18/25 - Processando itens 3401 a 3600 (200 itens)...
2025-10-30 14:43:40 - INFO - Iniciando busca de 'REVIEWS' assíncrona para 200 AppIDs com concorrência 1...
2025-10-30 14:45:18 - INFO - Busca assíncrona concluída.
2025-10-30 14:45:18 - INFO - --- Busca concluída: ---
2025-10-30 14:45:18 - INFO - 118 sucesso(s) (59.00%),
2025-10-30 14:45:18 - INFO - 82 falha(s) (41.00%).
2025-10-30 14:45:18 - INFO - --- Detalhamento dos erros: ---
2025-10-30 14:45:18 - INFO - * HTTP: 0 (403 Forbidden: 0, 429 Too Many Requests: 0)
2025-10-30 14:45:18 - INFO - * Timeout: 0
2025-10-30 14:45:18 - INFO - * Ausentes: 82
2025-10-30 14:45:18 - INFO - * Outros: 0
2025-10-30 14:45:18 - INFO - Aguardando 120s antes do próximo batch...

2025-10-30 14:47:18 - INFO - Batch 19/25 - Processando itens 3601 a 3800 (200 itens)...
2025-10-30 14:47:18 - INFO - Iniciando busca de 'REVIEWS' assíncrona para 200 AppIDs com concorrência 1...
2025-10-30 14:48:55 - INFO - Busca assíncrona concluída.
2025-10-30 14:48:55 - INFO - --- Busca concluída: ---
2025-10-30 14:48:55 - INFO - 94 sucesso(s) (47.00%),
2025-10-30 14:48:55 - INFO - 106 falha(s) (53.00%).
2025-10-30 14:48:55 - INFO - --- Detalhamento dos erros: ---
2025-10-30 14:48:55 - INFO - * HTTP: 0 (403 Forbidden: 0, 429 Too Many Requests: 0)
2025-10-30 14:48:55 - INFO - * Timeout: 0
2025-10-30 14:48:55 - INFO - * Ausentes: 106
2025-10-30 14:48:55 - INFO - * Outros: 0
2025-10-30 14:48:55 - INFO - Aguardando 120s antes do próximo batch...

2025-10-30 14:50:55 - INFO - Batch 20/25 - Processando itens 3801 a 4000 (200 itens)...
2025-10-30 14:50:55 - INFO - Iniciando busca de 'REVIEWS' assíncrona para 200 AppIDs com concorrência 1...
2025-10-30 14:52:29 - INFO - Busca assíncrona concluída.
2025-10-30 14:52:29 - INFO - --- Busca concluída: ---
2025-10-30 14:52:29 - INFO - 1 sucesso(s) (0.50%),
2025-10-30 14:52:29 - INFO - 199 falha(s) (99.50%).
2025-10-30 14:52:29 - INFO - --- Detalhamento dos erros: ---
2025-10-30 14:52:29 - INFO - * HTTP: 0 (403 Forbidden: 0, 429 Too Many Requests: 0)
2025-10-30 14:52:29 - INFO - * Timeout: 0
2025-10-30 14:52:29 - INFO - * Ausentes: 199
2025-10-30 14:52:29 - INFO - * Outros: 0
2025-10-30 14:52:29 - INFO - Aguardando 120s antes do próximo batch...

2025-10-30 14:54:29 - INFO - Batch 21/25 - Processando itens 4001 a 4200 (200 itens)...
2025-10-30 14:54:29 - INFO - Iniciando busca de 'REVIEWS' assíncrona para 200 AppIDs com concorrência 1...
2025-10-30 14:56:00 - INFO - Busca assíncrona concluída.
2025-10-30 14:56:00 - INFO - --- Busca concluída: ---
2025-10-30 14:56:00 - INFO - 0 sucesso(s) (0.00%),
2025-10-30 14:56:00 - INFO - 200 falha(s) (100.00%).
2025-10-30 14:56:00 - INFO - --- Detalhamento dos erros: ---
2025-10-30 14:56:00 - INFO - * HTTP: 0 (403 Forbidden: 0, 429 Too Many Requests: 0)
2025-10-30 14:56:00 - INFO - * Timeout: 0
2025-10-30 14:56:00 - INFO - * Ausentes: 200
2025-10-30 14:56:00 - INFO - * Outros: 0
2025-10-30 14:56:00 - INFO - Aguardando 120s antes do próximo batch...

2025-10-30 14:58:00 - INFO - Batch 22/25 - Processando itens 4201 a 4400 (200 itens)...
2025-10-30 14:58:00 - INFO - Iniciando busca de 'REVIEWS' assíncrona para 200 AppIDs com concorrência 1...
2025-10-30 14:59:31 - INFO - Busca assíncrona concluída.
2025-10-30 14:59:31 - INFO - --- Busca concluída: ---
2025-10-30 14:59:31 - INFO - 0 sucesso(s) (0.00%),
2025-10-30 14:59:31 - INFO - 200 falha(s) (100.00%).
2025-10-30 14:59:31 - INFO - --- Detalhamento dos erros: ---
2025-10-30 14:59:31 - INFO - * HTTP: 0 (403 Forbidden: 0, 429 Too Many Requests: 0)
2025-10-30 14:59:31 - INFO - * Timeout: 0
2025-10-30 14:59:31 - INFO - * Ausentes: 200
2025-10-30 14:59:31 - INFO - * Outros: 0
2025-10-30 14:59:31 - INFO - Aguardando 120s antes do próximo batch...

2025-10-30 15:01:31 - INFO - Batch 23/25 - Processando itens 4401 a 4600 (200 itens)...
2025-10-30 15:01:31 - INFO - Iniciando busca de 'REVIEWS' assíncrona para 200 AppIDs com concorrência 1...
2025-10-30 15:03:09 - INFO - Busca assíncrona concluída.
2025-10-30 15:03:09 - INFO - --- Busca concluída: ---
2025-10-30 15:03:09 - INFO - 0 sucesso(s) (0.00%),
2025-10-30 15:03:09 - INFO - 200 falha(s) (100.00%).
2025-10-30 15:03:09 - INFO - --- Detalhamento dos erros: ---
2025-10-30 15:03:09 - INFO - * HTTP: 0 (403 Forbidden: 0, 429 Too Many Requests: 0)
2025-10-30 15:03:09 - INFO - * Timeout: 0
2025-10-30 15:03:09 - INFO - * Ausentes: 200
2025-10-30 15:03:09 - INFO - * Outros: 0
2025-10-30 15:03:09 - INFO - Aguardando 120s antes do próximo batch...

2025-10-30 15:05:09 - INFO - Batch 24/25 - Processando itens 4601 a 4800 (200 itens)...
2025-10-30 15:05:09 - INFO - Iniciando busca de 'REVIEWS' assíncrona para 200 AppIDs com concorrência 1...
2025-10-30 15:06:41 - INFO - Busca assíncrona concluída.
2025-10-30 15:06:41 - INFO - --- Busca concluída: ---
2025-10-30 15:06:41 - INFO - 0 sucesso(s) (0.00%),
2025-10-30 15:06:41 - INFO - 200 falha(s) (100.00%).
2025-10-30 15:06:41 - INFO - --- Detalhamento dos erros: ---
2025-10-30 15:06:41 - INFO - * HTTP: 0 (403 Forbidden: 0, 429 Too Many Requests: 0)
2025-10-30 15:06:41 - INFO - * Timeout: 0
2025-10-30 15:06:41 - INFO - * Ausentes: 200
2025-10-30 15:06:41 - INFO - * Outros: 0
2025-10-30 15:06:41 - INFO - Aguardando 120s antes do próximo batch...

2025-10-30 15:08:41 - INFO - Batch 25/25 - Processando itens 4801 a 5000 (200 itens)...
2025-10-30 15:08:41 - INFO - Iniciando busca de 'REVIEWS' assíncrona para 200 AppIDs com concorrência 1...
2025-10-30 15:10:23 - INFO - Busca assíncrona concluída.
2025-10-30 15:10:23 - INFO - --- Busca concluída: ---
2025-10-30 15:10:23 - INFO - 0 sucesso(s) (0.00%),
2025-10-30 15:10:23 - INFO - 200 falha(s) (100.00%).
2025-10-30 15:10:23 - INFO - --- Detalhamento dos erros: ---
2025-10-30 15:10:23 - INFO - * HTTP: 0 (403 Forbidden: 0, 429 Too Many Requests: 0)
2025-10-30 15:10:23 - INFO - * Timeout: 0
2025-10-30 15:10:23 - INFO - * Ausentes: 200
2025-10-30 15:10:23 - INFO - * Outros: 0
2025-10-30 15:10:23 - INFO - 
PROCESSAMENTO COMPLETO!
2025-10-30 15:10:23 - INFO - Total processado: 1,406 sucessos de 5,000 itens (28.12%)
2025-10-30 15:10:23 - INFO - ================================================================================
2025-10-30 15:10:23 - INFO - ================================================================================
2025-10-30 15:10:23 - INFO - Teste 1: Batch Size=300, Delay=90, Concurrency=2
2025-10-30 15:40:23 - INFO - === PROCESSAMENTO EM BATCHES ===
2025-10-30 15:40:23 - INFO - Total de itens: 5,000
2025-10-30 15:40:23 - INFO - Tamanho do batch: 300
2025-10-30 15:40:23 - INFO - Total de batches: 17
2025-10-30 15:40:23 - INFO - Delay entre batches: 90s
2025-10-30 15:40:23 - INFO - Concorrência por batch: 2
2025-10-30 15:40:23 - INFO - ================================

2025-10-30 15:40:23 - INFO - Batch 1/17 - Processando itens 1 a 300 (300 itens)...
2025-10-30 15:40:23 - INFO - Iniciando busca de 'DETALHES' assíncrona para 300 AppIDs com concorrência 2...
2025-10-30 15:41:24 - INFO - Busca assíncrona concluída.
2025-10-30 15:41:24 - INFO - --- Busca concluída: ---
2025-10-30 15:41:24 - INFO - 5 sucesso(s) (1.67%),
2025-10-30 15:41:24 - INFO - 295 falha(s) (98.33%).
2025-10-30 15:41:24 - INFO - --- Detalhamento dos erros: ---
2025-10-30 15:41:24 - INFO - * HTTP: 100 (403 Forbidden: 0, 429 Too Many Requests: 100)
2025-10-30 15:41:24 - INFO - * Timeout: 0
2025-10-30 15:41:24 - INFO - * Ausentes: 194
2025-10-30 15:41:24 - INFO - * Outros: 0
2025-10-30 15:41:24 - INFO - Aguardando 90s antes do próximo batch...

2025-10-30 15:42:54 - INFO - Batch 2/17 - Processando itens 301 a 600 (300 itens)...
2025-10-30 15:42:54 - INFO - Iniciando busca de 'DETALHES' assíncrona para 300 AppIDs com concorrência 2...
2025-10-30 15:43:58 - INFO - Busca assíncrona concluída.
2025-10-30 15:43:58 - INFO - --- Busca concluída: ---
2025-10-30 15:43:58 - INFO - 0 sucesso(s) (0.00%),
2025-10-30 15:43:58 - INFO - 300 falha(s) (100.00%).
2025-10-30 15:43:58 - INFO - --- Detalhamento dos erros: ---
2025-10-30 15:43:58 - INFO - * HTTP: 300 (403 Forbidden: 2, 429 Too Many Requests: 298)
2025-10-30 15:43:58 - INFO - * Timeout: 0
2025-10-30 15:43:58 - INFO - * Ausentes: 0
2025-10-30 15:43:58 - INFO - * Outros: 0
2025-10-30 15:43:58 - INFO - Aguardando 90s antes do próximo batch...

2025-10-30 15:45:28 - INFO - Batch 3/17 - Processando itens 601 a 900 (300 itens)...
2025-10-30 15:45:28 - INFO - Iniciando busca de 'DETALHES' assíncrona para 300 AppIDs com concorrência 2...
2025-10-30 15:46:35 - INFO - Busca assíncrona concluída.
2025-10-30 15:46:35 - INFO - --- Busca concluída: ---
2025-10-30 15:46:35 - INFO - 0 sucesso(s) (0.00%),
2025-10-30 15:46:35 - INFO - 300 falha(s) (100.00%).
2025-10-30 15:46:35 - INFO - --- Detalhamento dos erros: ---
2025-10-30 15:46:35 - INFO - * HTTP: 100 (403 Forbidden: 0, 429 Too Many Requests: 100)
2025-10-30 15:46:35 - INFO - * Timeout: 0
2025-10-30 15:46:35 - INFO - * Ausentes: 200
2025-10-30 15:46:35 - INFO - * Outros: 0
2025-10-30 15:46:35 - INFO - Aguardando 90s antes do próximo batch...

2025-10-30 15:48:05 - INFO - Batch 4/17 - Processando itens 901 a 1200 (300 itens)...
2025-10-30 15:48:05 - INFO - Iniciando busca de 'DETALHES' assíncrona para 300 AppIDs com concorrência 2...
2025-10-30 15:49:08 - INFO - Busca assíncrona concluída.
2025-10-30 15:49:08 - INFO - --- Busca concluída: ---
2025-10-30 15:49:08 - INFO - 0 sucesso(s) (0.00%),
2025-10-30 15:49:08 - INFO - 300 falha(s) (100.00%).
2025-10-30 15:49:08 - INFO - --- Detalhamento dos erros: ---
2025-10-30 15:49:08 - INFO - * HTTP: 300 (403 Forbidden: 10, 429 Too Many Requests: 290)
2025-10-30 15:49:08 - INFO - * Timeout: 0
2025-10-30 15:49:08 - INFO - * Ausentes: 0
2025-10-30 15:49:08 - INFO - * Outros: 0
2025-10-30 15:49:08 - INFO - Aguardando 90s antes do próximo batch...

2025-10-30 15:50:38 - INFO - Batch 5/17 - Processando itens 1201 a 1500 (300 itens)...
2025-10-30 15:50:38 - INFO - Iniciando busca de 'DETALHES' assíncrona para 300 AppIDs com concorrência 2...
2025-10-30 15:51:34 - INFO - Busca assíncrona concluída.
2025-10-30 15:51:34 - INFO - --- Busca concluída: ---
2025-10-30 15:51:34 - INFO - 87 sucesso(s) (29.00%),
2025-10-30 15:51:34 - INFO - 213 falha(s) (71.00%).
2025-10-30 15:51:34 - INFO - --- Detalhamento dos erros: ---
2025-10-30 15:51:34 - INFO - * HTTP: 134 (403 Forbidden: 134, 429 Too Many Requests: 0)
2025-10-30 15:51:34 - INFO - * Timeout: 0
2025-10-30 15:51:34 - INFO - * Ausentes: 76
2025-10-30 15:51:34 - INFO - * Outros: 0
2025-10-30 15:51:34 - INFO - Aguardando 90s antes do próximo batch...

2025-10-30 15:53:04 - INFO - Batch 6/17 - Processando itens 1501 a 1800 (300 itens)...
2025-10-30 15:53:04 - INFO - Iniciando busca de 'DETALHES' assíncrona para 300 AppIDs com concorrência 2...
2025-10-30 15:53:54 - INFO - Busca assíncrona concluída.
2025-10-30 15:53:54 - INFO - --- Busca concluída: ---
2025-10-30 15:53:54 - INFO - 23 sucesso(s) (7.67%),
2025-10-30 15:53:54 - INFO - 277 falha(s) (92.33%).
2025-10-30 15:53:54 - INFO - --- Detalhamento dos erros: ---
2025-10-30 15:53:54 - INFO - * HTTP: 266 (403 Forbidden: 206, 429 Too Many Requests: 60)
2025-10-30 15:53:54 - INFO - * Timeout: 0
2025-10-30 15:53:54 - INFO - * Ausentes: 10
2025-10-30 15:53:54 - INFO - * Outros: 0
2025-10-30 15:53:54 - INFO - Aguardando 90s antes do próximo batch...

2025-10-30 15:55:24 - INFO - Batch 7/17 - Processando itens 1801 a 2100 (300 itens)...
2025-10-30 15:55:24 - INFO - Iniciando busca de 'DETALHES' assíncrona para 300 AppIDs com concorrência 2...
2025-10-30 15:56:17 - INFO - Busca assíncrona concluída.
2025-10-30 15:56:17 - INFO - --- Busca concluída: ---
2025-10-30 15:56:17 - INFO - 47 sucesso(s) (15.67%),
2025-10-30 15:56:17 - INFO - 253 falha(s) (84.33%).
2025-10-30 15:56:17 - INFO - --- Detalhamento dos erros: ---
2025-10-30 15:56:17 - INFO - * HTTP: 213 (403 Forbidden: 199, 429 Too Many Requests: 14)
2025-10-30 15:56:17 - INFO - * Timeout: 0
2025-10-30 15:56:17 - INFO - * Ausentes: 35
2025-10-30 15:56:17 - INFO - * Outros: 0
2025-10-30 15:56:17 - INFO - Aguardando 90s antes do próximo batch...

2025-10-30 15:57:47 - INFO - Batch 8/17 - Processando itens 2101 a 2400 (300 itens)...
2025-10-30 15:57:47 - INFO - Iniciando busca de 'DETALHES' assíncrona para 300 AppIDs com concorrência 2...
2025-10-30 15:58:52 - INFO - Busca assíncrona concluída.
2025-10-30 15:58:52 - INFO - --- Busca concluída: ---
2025-10-30 15:58:52 - INFO - 30 sucesso(s) (10.00%),
2025-10-30 15:58:52 - INFO - 270 falha(s) (90.00%).
2025-10-30 15:58:52 - INFO - --- Detalhamento dos erros: ---
2025-10-30 15:58:52 - INFO - * HTTP: 187 (403 Forbidden: 0, 429 Too Many Requests: 187)
2025-10-30 15:58:52 - INFO - * Timeout: 0
2025-10-30 15:58:52 - INFO - * Ausentes: 83
2025-10-30 15:58:52 - INFO - * Outros: 0
2025-10-30 15:58:52 - INFO - Aguardando 90s antes do próximo batch...

2025-10-30 16:00:22 - INFO - Batch 9/17 - Processando itens 2401 a 2700 (300 itens)...
2025-10-30 16:00:22 - INFO - Iniciando busca de 'DETALHES' assíncrona para 300 AppIDs com concorrência 2...
2025-10-30 16:01:25 - INFO - Busca assíncrona concluída.
2025-10-30 16:01:25 - INFO - --- Busca concluída: ---
2025-10-30 16:01:25 - INFO - 80 sucesso(s) (26.67%),
2025-10-30 16:01:25 - INFO - 220 falha(s) (73.33%).
2025-10-30 16:01:25 - INFO - --- Detalhamento dos erros: ---
2025-10-30 16:01:25 - INFO - * HTTP: 170 (403 Forbidden: 0, 429 Too Many Requests: 170)
2025-10-30 16:01:25 - INFO - * Timeout: 0
2025-10-30 16:01:25 - INFO - * Ausentes: 45
2025-10-30 16:01:25 - INFO - * Outros: 0
2025-10-30 16:01:25 - INFO - Aguardando 90s antes do próximo batch...

2025-10-30 16:02:55 - INFO - Batch 10/17 - Processando itens 2701 a 3000 (300 itens)...
2025-10-30 16:02:55 - INFO - Iniciando busca de 'DETALHES' assíncrona para 300 AppIDs com concorrência 2...
2025-10-30 16:03:53 - INFO - Busca assíncrona concluída.
2025-10-30 16:03:53 - INFO - --- Busca concluída: ---
2025-10-30 16:03:53 - INFO - 47 sucesso(s) (15.67%),
2025-10-30 16:03:53 - INFO - 253 falha(s) (84.33%).
2025-10-30 16:03:53 - INFO - --- Detalhamento dos erros: ---
2025-10-30 16:03:53 - INFO - * HTTP: 230 (403 Forbidden: 0, 429 Too Many Requests: 230)
2025-10-30 16:03:53 - INFO - * Timeout: 0
2025-10-30 16:03:53 - INFO - * Ausentes: 21
2025-10-30 16:03:53 - INFO - * Outros: 0
2025-10-30 16:03:53 - INFO - Aguardando 90s antes do próximo batch...

2025-10-30 16:05:23 - INFO - Batch 11/17 - Processando itens 3001 a 3300 (300 itens)...
2025-10-30 16:05:23 - INFO - Iniciando busca de 'DETALHES' assíncrona para 300 AppIDs com concorrência 2...
2025-10-30 16:06:24 - INFO - Busca assíncrona concluída.
2025-10-30 16:06:24 - INFO - --- Busca concluída: ---
2025-10-30 16:06:24 - INFO - 67 sucesso(s) (22.33%),
2025-10-30 16:06:24 - INFO - 233 falha(s) (77.67%).
2025-10-30 16:06:24 - INFO - --- Detalhamento dos erros: ---
2025-10-30 16:06:24 - INFO - * HTTP: 176 (403 Forbidden: 0, 429 Too Many Requests: 176)
2025-10-30 16:06:24 - INFO - * Timeout: 0
2025-10-30 16:06:24 - INFO - * Ausentes: 56
2025-10-30 16:06:24 - INFO - * Outros: 0
2025-10-30 16:06:24 - INFO - Aguardando 90s antes do próximo batch...

2025-10-30 16:07:54 - INFO - Batch 12/17 - Processando itens 3301 a 3600 (300 itens)...
2025-10-30 16:07:54 - INFO - Iniciando busca de 'DETALHES' assíncrona para 300 AppIDs com concorrência 2...
2025-10-30 16:08:41 - INFO - Busca assíncrona concluída.
2025-10-30 16:08:41 - INFO - --- Busca concluída: ---
2025-10-30 16:08:41 - INFO - 18 sucesso(s) (6.00%),
2025-10-30 16:08:41 - INFO - 282 falha(s) (94.00%).
2025-10-30 16:08:41 - INFO - --- Detalhamento dos erros: ---
2025-10-30 16:08:41 - INFO - * HTTP: 224 (403 Forbidden: 130, 429 Too Many Requests: 94)
2025-10-30 16:08:41 - INFO - * Timeout: 0
2025-10-30 16:08:41 - INFO - * Ausentes: 57
2025-10-30 16:08:41 - INFO - * Outros: 0
2025-10-30 16:08:41 - INFO - Aguardando 90s antes do próximo batch...

2025-10-30 16:10:11 - INFO - Batch 13/17 - Processando itens 3601 a 3900 (300 itens)...
2025-10-30 16:10:12 - INFO - Iniciando busca de 'DETALHES' assíncrona para 300 AppIDs com concorrência 2...
2025-10-30 16:11:14 - INFO - Busca assíncrona concluída.
2025-10-30 16:11:14 - INFO - --- Busca concluída: ---
2025-10-30 16:11:14 - INFO - 0 sucesso(s) (0.00%),
2025-10-30 16:11:14 - INFO - 300 falha(s) (100.00%).
2025-10-30 16:11:14 - INFO - --- Detalhamento dos erros: ---
2025-10-30 16:11:14 - INFO - * HTTP: 225 (403 Forbidden: 0, 429 Too Many Requests: 225)
2025-10-30 16:11:14 - INFO - * Timeout: 0
2025-10-30 16:11:14 - INFO - * Ausentes: 75
2025-10-30 16:11:14 - INFO - * Outros: 0
2025-10-30 16:11:14 - INFO - Aguardando 90s antes do próximo batch...

2025-10-30 16:12:44 - INFO - Batch 14/17 - Processando itens 3901 a 4200 (300 itens)...
2025-10-30 16:12:44 - INFO - Iniciando busca de 'DETALHES' assíncrona para 300 AppIDs com concorrência 2...
2025-10-30 16:13:48 - INFO - Busca assíncrona concluída.
2025-10-30 16:13:48 - INFO - --- Busca concluída: ---
2025-10-30 16:13:48 - INFO - 0 sucesso(s) (0.00%),
2025-10-30 16:13:48 - INFO - 300 falha(s) (100.00%).
2025-10-30 16:13:48 - INFO - --- Detalhamento dos erros: ---
2025-10-30 16:13:48 - INFO - * HTTP: 175 (403 Forbidden: 0, 429 Too Many Requests: 175)
2025-10-30 16:13:48 - INFO - * Timeout: 0
2025-10-30 16:13:48 - INFO - * Ausentes: 125
2025-10-30 16:13:48 - INFO - * Outros: 0
2025-10-30 16:13:48 - INFO - Aguardando 90s antes do próximo batch...

2025-10-30 16:15:18 - INFO - Batch 15/17 - Processando itens 4201 a 4500 (300 itens)...
2025-10-30 16:15:18 - INFO - Iniciando busca de 'DETALHES' assíncrona para 300 AppIDs com concorrência 2...
2025-10-30 16:16:24 - INFO - Busca assíncrona concluída.
2025-10-30 16:16:24 - INFO - --- Busca concluída: ---
2025-10-30 16:16:24 - INFO - 0 sucesso(s) (0.00%),
2025-10-30 16:16:24 - INFO - 300 falha(s) (100.00%).
2025-10-30 16:16:24 - INFO - --- Detalhamento dos erros: ---
2025-10-30 16:16:24 - INFO - * HTTP: 186 (403 Forbidden: 0, 429 Too Many Requests: 186)
2025-10-30 16:16:24 - INFO - * Timeout: 0
2025-10-30 16:16:24 - INFO - * Ausentes: 114
2025-10-30 16:16:24 - INFO - * Outros: 0
2025-10-30 16:16:24 - INFO - Aguardando 90s antes do próximo batch...

2025-10-30 16:17:54 - INFO - Batch 16/17 - Processando itens 4501 a 4800 (300 itens)...
2025-10-30 16:17:54 - INFO - Iniciando busca de 'DETALHES' assíncrona para 300 AppIDs com concorrência 2...
2025-10-30 16:19:03 - INFO - Busca assíncrona concluída.
2025-10-30 16:19:03 - INFO - --- Busca concluída: ---
2025-10-30 16:19:03 - INFO - 0 sucesso(s) (0.00%),
2025-10-30 16:19:03 - INFO - 300 falha(s) (100.00%).
2025-10-30 16:19:03 - INFO - --- Detalhamento dos erros: ---
2025-10-30 16:19:03 - INFO - * HTTP: 214 (403 Forbidden: 0, 429 Too Many Requests: 214)
2025-10-30 16:19:03 - INFO - * Timeout: 0
2025-10-30 16:19:03 - INFO - * Ausentes: 86
2025-10-30 16:19:03 - INFO - * Outros: 0
2025-10-30 16:19:03 - INFO - Aguardando 90s antes do próximo batch...

2025-10-30 16:20:33 - INFO - Batch 17/17 - Processando itens 4801 a 5000 (200 itens)...
2025-10-30 16:20:33 - INFO - Iniciando busca de 'DETALHES' assíncrona para 200 AppIDs com concorrência 2...
2025-10-30 16:21:18 - INFO - Busca assíncrona concluída.
2025-10-30 16:21:18 - INFO - --- Busca concluída: ---
2025-10-30 16:21:18 - INFO - 0 sucesso(s) (0.00%),
2025-10-30 16:21:18 - INFO - 200 falha(s) (100.00%).
2025-10-30 16:21:18 - INFO - --- Detalhamento dos erros: ---
2025-10-30 16:21:18 - INFO - * HTTP: 110 (403 Forbidden: 0, 429 Too Many Requests: 110)
2025-10-30 16:21:18 - INFO - * Timeout: 0
2025-10-30 16:21:18 - INFO - * Ausentes: 90
2025-10-30 16:21:18 - INFO - * Outros: 0
2025-10-30 16:21:18 - INFO - 
PROCESSAMENTO COMPLETO!
2025-10-30 16:21:18 - INFO - Total processado: 403 sucessos de 5,000 itens (8.06%)
2025-10-30 16:51:18 - INFO - === PROCESSAMENTO EM BATCHES (REVIEWS) ===
2025-10-30 16:51:18 - INFO - Total de itens: 5,000
2025-10-30 16:51:18 - INFO - Tamanho do batch: 300
2025-10-30 16:51:18 - INFO - Total de batches: 17
2025-10-30 16:51:18 - INFO - Delay entre batches: 90s
2025-10-30 16:51:18 - INFO - Concorrência por batch: 2
2025-10-30 16:51:18 - INFO - ==========================================

2025-10-30 16:51:18 - INFO - Batch 1/17 - Processando itens 1 a 300 (300 itens)...
2025-10-30 16:51:18 - INFO - Iniciando busca de 'REVIEWS' assíncrona para 300 AppIDs com concorrência 2...
2025-10-30 16:52:34 - INFO - Busca assíncrona concluída.
2025-10-30 16:52:34 - INFO - --- Busca concluída: ---
2025-10-30 16:52:34 - INFO - 61 sucesso(s) (20.33%),
2025-10-30 16:52:34 - INFO - 239 falha(s) (79.67%).
2025-10-30 16:52:34 - INFO - --- Detalhamento dos erros: ---
2025-10-30 16:52:34 - INFO - * HTTP: 0 (403 Forbidden: 0, 429 Too Many Requests: 0)
2025-10-30 16:52:34 - INFO - * Timeout: 0
2025-10-30 16:52:34 - INFO - * Ausentes: 239
2025-10-30 16:52:34 - INFO - * Outros: 0
2025-10-30 16:52:34 - INFO - Aguardando 90s antes do próximo batch...

2025-10-30 16:54:04 - INFO - Batch 2/17 - Processando itens 301 a 600 (300 itens)...
2025-10-30 16:54:04 - INFO - Iniciando busca de 'REVIEWS' assíncrona para 300 AppIDs com concorrência 2...
2025-10-30 16:55:14 - INFO - Busca assíncrona concluída.
2025-10-30 16:55:14 - INFO - --- Busca concluída: ---
2025-10-30 16:55:14 - INFO - 60 sucesso(s) (20.00%),
2025-10-30 16:55:14 - INFO - 240 falha(s) (80.00%).
2025-10-30 16:55:14 - INFO - --- Detalhamento dos erros: ---
2025-10-30 16:55:14 - INFO - * HTTP: 0 (403 Forbidden: 0, 429 Too Many Requests: 0)
2025-10-30 16:55:14 - INFO - * Timeout: 0
2025-10-30 16:55:14 - INFO - * Ausentes: 240
2025-10-30 16:55:14 - INFO - * Outros: 0
2025-10-30 16:55:14 - INFO - Aguardando 90s antes do próximo batch...

2025-10-30 16:56:44 - INFO - Batch 3/17 - Processando itens 601 a 900 (300 itens)...
2025-10-30 16:56:44 - INFO - Iniciando busca de 'REVIEWS' assíncrona para 300 AppIDs com concorrência 2...
2025-10-30 16:57:53 - INFO - Busca assíncrona concluída.
2025-10-30 16:57:53 - INFO - --- Busca concluída: ---
2025-10-30 16:57:53 - INFO - 0 sucesso(s) (0.00%),
2025-10-30 16:57:53 - INFO - 300 falha(s) (100.00%).
2025-10-30 16:57:53 - INFO - --- Detalhamento dos erros: ---
2025-10-30 16:57:53 - INFO - * HTTP: 0 (403 Forbidden: 0, 429 Too Many Requests: 0)
2025-10-30 16:57:53 - INFO - * Timeout: 0
2025-10-30 16:57:53 - INFO - * Ausentes: 300
2025-10-30 16:57:53 - INFO - * Outros: 0
2025-10-30 16:57:53 - INFO - Aguardando 90s antes do próximo batch...

2025-10-30 16:59:23 - INFO - Batch 4/17 - Processando itens 901 a 1200 (300 itens)...
2025-10-30 16:59:23 - INFO - Iniciando busca de 'REVIEWS' assíncrona para 300 AppIDs com concorrência 2...
2025-10-30 17:00:40 - INFO - Busca assíncrona concluída.
2025-10-30 17:00:40 - INFO - --- Busca concluída: ---
2025-10-30 17:00:40 - INFO - 0 sucesso(s) (0.00%),
2025-10-30 17:00:40 - INFO - 300 falha(s) (100.00%).
2025-10-30 17:00:40 - INFO - --- Detalhamento dos erros: ---
2025-10-30 17:00:40 - INFO - * HTTP: 53 (403 Forbidden: 0, 429 Too Many Requests: 0)
2025-10-30 17:00:40 - INFO - * Timeout: 0
2025-10-30 17:00:40 - INFO - * Ausentes: 247
2025-10-30 17:00:40 - INFO - * Outros: 0
2025-10-30 17:00:40 - INFO - Aguardando 90s antes do próximo batch...

2025-10-30 17:02:10 - INFO - Batch 5/17 - Processando itens 1201 a 1500 (300 itens)...
2025-10-30 17:02:10 - INFO - Iniciando busca de 'REVIEWS' assíncrona para 300 AppIDs com concorrência 2...
2025-10-30 17:03:19 - INFO - Busca assíncrona concluída.
2025-10-30 17:03:19 - INFO - --- Busca concluída: ---
2025-10-30 17:03:19 - INFO - 104 sucesso(s) (34.67%),
2025-10-30 17:03:19 - INFO - 196 falha(s) (65.33%).
2025-10-30 17:03:19 - INFO - --- Detalhamento dos erros: ---
2025-10-30 17:03:19 - INFO - * HTTP: 0 (403 Forbidden: 0, 429 Too Many Requests: 0)
2025-10-30 17:03:19 - INFO - * Timeout: 0
2025-10-30 17:03:19 - INFO - * Ausentes: 196
2025-10-30 17:03:19 - INFO - * Outros: 0
2025-10-30 17:03:19 - INFO - Aguardando 90s antes do próximo batch...

2025-10-30 17:04:49 - INFO - Batch 6/17 - Processando itens 1501 a 1800 (300 itens)...
2025-10-30 17:04:49 - INFO - Iniciando busca de 'REVIEWS' assíncrona para 300 AppIDs com concorrência 2...
2025-10-30 17:05:59 - INFO - Busca assíncrona concluída.
2025-10-30 17:05:59 - INFO - --- Busca concluída: ---
2025-10-30 17:05:59 - INFO - 187 sucesso(s) (62.33%),
2025-10-30 17:05:59 - INFO - 113 falha(s) (37.67%).
2025-10-30 17:05:59 - INFO - --- Detalhamento dos erros: ---
2025-10-30 17:05:59 - INFO - * HTTP: 0 (403 Forbidden: 0, 429 Too Many Requests: 0)
2025-10-30 17:05:59 - INFO - * Timeout: 0
2025-10-30 17:05:59 - INFO - * Ausentes: 113
2025-10-30 17:05:59 - INFO - * Outros: 0
2025-10-30 17:05:59 - INFO - Aguardando 90s antes do próximo batch...

2025-10-30 17:07:29 - INFO - Batch 7/17 - Processando itens 1801 a 2100 (300 itens)...
2025-10-30 17:07:29 - INFO - Iniciando busca de 'REVIEWS' assíncrona para 300 AppIDs com concorrência 2...
2025-10-30 17:08:50 - INFO - Busca assíncrona concluída.
2025-10-30 17:08:50 - INFO - --- Busca concluída: ---
2025-10-30 17:08:50 - INFO - 164 sucesso(s) (54.67%),
2025-10-30 17:08:50 - INFO - 136 falha(s) (45.33%).
2025-10-30 17:08:50 - INFO - --- Detalhamento dos erros: ---
2025-10-30 17:08:50 - INFO - * HTTP: 0 (403 Forbidden: 0, 429 Too Many Requests: 0)
2025-10-30 17:08:50 - INFO - * Timeout: 0
2025-10-30 17:08:50 - INFO - * Ausentes: 136
2025-10-30 17:08:50 - INFO - * Outros: 0
2025-10-30 17:08:50 - INFO - Aguardando 90s antes do próximo batch...

2025-10-30 17:10:20 - INFO - Batch 8/17 - Processando itens 2101 a 2400 (300 itens)...
2025-10-30 17:10:20 - INFO - Iniciando busca de 'REVIEWS' assíncrona para 300 AppIDs com concorrência 2...
2025-10-30 17:11:36 - INFO - Busca assíncrona concluída.
2025-10-30 17:11:36 - INFO - --- Busca concluída: ---
2025-10-30 17:11:36 - INFO - 75 sucesso(s) (25.00%),
2025-10-30 17:11:36 - INFO - 225 falha(s) (75.00%).
2025-10-30 17:11:36 - INFO - --- Detalhamento dos erros: ---
2025-10-30 17:11:36 - INFO - * HTTP: 0 (403 Forbidden: 0, 429 Too Many Requests: 0)
2025-10-30 17:11:36 - INFO - * Timeout: 0
2025-10-30 17:11:36 - INFO - * Ausentes: 225
2025-10-30 17:11:36 - INFO - * Outros: 0
2025-10-30 17:11:36 - INFO - Aguardando 90s antes do próximo batch...

2025-10-30 17:13:06 - INFO - Batch 9/17 - Processando itens 2401 a 2700 (300 itens)...
2025-10-30 17:13:06 - INFO - Iniciando busca de 'REVIEWS' assíncrona para 300 AppIDs com concorrência 2...
2025-10-30 17:14:24 - INFO - Busca assíncrona concluída.
2025-10-30 17:14:24 - INFO - --- Busca concluída: ---
2025-10-30 17:14:24 - INFO - 153 sucesso(s) (51.00%),
2025-10-30 17:14:24 - INFO - 147 falha(s) (49.00%).
2025-10-30 17:14:24 - INFO - --- Detalhamento dos erros: ---
2025-10-30 17:14:24 - INFO - * HTTP: 0 (403 Forbidden: 0, 429 Too Many Requests: 0)
2025-10-30 17:14:24 - INFO - * Timeout: 0
2025-10-30 17:14:24 - INFO - * Ausentes: 147
2025-10-30 17:14:24 - INFO - * Outros: 0
2025-10-30 17:14:24 - INFO - Aguardando 90s antes do próximo batch...

2025-10-30 17:15:54 - INFO - Batch 10/17 - Processando itens 2701 a 3000 (300 itens)...
2025-10-30 17:15:54 - INFO - Iniciando busca de 'REVIEWS' assíncrona para 300 AppIDs com concorrência 2...
2025-10-30 17:17:06 - INFO - Busca assíncrona concluída.
2025-10-30 17:17:06 - INFO - --- Busca concluída: ---
2025-10-30 17:17:06 - INFO - 164 sucesso(s) (54.67%),
2025-10-30 17:17:06 - INFO - 136 falha(s) (45.33%).
2025-10-30 17:17:06 - INFO - --- Detalhamento dos erros: ---
2025-10-30 17:17:06 - INFO - * HTTP: 0 (403 Forbidden: 0, 429 Too Many Requests: 0)
2025-10-30 17:17:06 - INFO - * Timeout: 0
2025-10-30 17:17:06 - INFO - * Ausentes: 136
2025-10-30 17:17:06 - INFO - * Outros: 0
2025-10-30 17:17:06 - INFO - Aguardando 90s antes do próximo batch...

2025-10-30 17:18:36 - INFO - Batch 11/17 - Processando itens 3001 a 3300 (300 itens)...
2025-10-30 17:18:36 - INFO - Iniciando busca de 'REVIEWS' assíncrona para 300 AppIDs com concorrência 2...
2025-10-30 17:20:03 - INFO - Busca assíncrona concluída.
2025-10-30 17:20:04 - INFO - --- Busca concluída: ---
2025-10-30 17:20:04 - INFO - 191 sucesso(s) (63.67%),
2025-10-30 17:20:04 - INFO - 109 falha(s) (36.33%).
2025-10-30 17:20:04 - INFO - --- Detalhamento dos erros: ---
2025-10-30 17:20:04 - INFO - * HTTP: 1 (403 Forbidden: 0, 429 Too Many Requests: 0)
2025-10-30 17:20:04 - INFO - * Timeout: 0
2025-10-30 17:20:04 - INFO - * Ausentes: 108
2025-10-30 17:20:04 - INFO - * Outros: 0
2025-10-30 17:20:04 - INFO - Aguardando 90s antes do próximo batch...

2025-10-30 17:21:34 - INFO - Batch 12/17 - Processando itens 3301 a 3600 (300 itens)...
2025-10-30 17:21:34 - INFO - Iniciando busca de 'REVIEWS' assíncrona para 300 AppIDs com concorrência 2...
2025-10-30 17:22:47 - INFO - Busca assíncrona concluída.
2025-10-30 17:22:47 - INFO - --- Busca concluída: ---
2025-10-30 17:22:47 - INFO - 151 sucesso(s) (50.33%),
2025-10-30 17:22:47 - INFO - 149 falha(s) (49.67%).
2025-10-30 17:22:47 - INFO - --- Detalhamento dos erros: ---
2025-10-30 17:22:47 - INFO - * HTTP: 0 (403 Forbidden: 0, 429 Too Many Requests: 0)
2025-10-30 17:22:47 - INFO - * Timeout: 0
2025-10-30 17:22:47 - INFO - * Ausentes: 149
2025-10-30 17:22:47 - INFO - * Outros: 0
2025-10-30 17:22:47 - INFO - Aguardando 90s antes do próximo batch...

2025-10-30 17:24:17 - INFO - Batch 13/17 - Processando itens 3601 a 3900 (300 itens)...
2025-10-30 17:24:17 - INFO - Iniciando busca de 'REVIEWS' assíncrona para 300 AppIDs com concorrência 2...
2025-10-30 17:25:36 - INFO - Busca assíncrona concluída.
2025-10-30 17:25:36 - INFO - --- Busca concluída: ---
2025-10-30 17:25:36 - INFO - 95 sucesso(s) (31.67%),
2025-10-30 17:25:36 - INFO - 205 falha(s) (68.33%).
2025-10-30 17:25:36 - INFO - --- Detalhamento dos erros: ---
2025-10-30 17:25:36 - INFO - * HTTP: 0 (403 Forbidden: 0, 429 Too Many Requests: 0)
2025-10-30 17:25:36 - INFO - * Timeout: 0
2025-10-30 17:25:36 - INFO - * Ausentes: 205
2025-10-30 17:25:36 - INFO - * Outros: 0
2025-10-30 17:25:36 - INFO - Aguardando 90s antes do próximo batch...

2025-10-30 17:27:06 - INFO - Batch 14/17 - Processando itens 3901 a 4200 (300 itens)...
2025-10-30 17:27:06 - INFO - Iniciando busca de 'REVIEWS' assíncrona para 300 AppIDs com concorrência 2...
2025-10-30 17:28:18 - INFO - Busca assíncrona concluída.
2025-10-30 17:28:18 - INFO - --- Busca concluída: ---
2025-10-30 17:28:18 - INFO - 0 sucesso(s) (0.00%),
2025-10-30 17:28:18 - INFO - 300 falha(s) (100.00%).
2025-10-30 17:28:18 - INFO - --- Detalhamento dos erros: ---
2025-10-30 17:28:18 - INFO - * HTTP: 0 (403 Forbidden: 0, 429 Too Many Requests: 0)
2025-10-30 17:28:18 - INFO - * Timeout: 0
2025-10-30 17:28:18 - INFO - * Ausentes: 300
2025-10-30 17:28:18 - INFO - * Outros: 0
2025-10-30 17:28:18 - INFO - Aguardando 90s antes do próximo batch...

2025-10-30 17:29:48 - INFO - Batch 15/17 - Processando itens 4201 a 4500 (300 itens)...
2025-10-30 17:29:48 - INFO - Iniciando busca de 'REVIEWS' assíncrona para 300 AppIDs com concorrência 2...
2025-10-30 17:31:06 - INFO - Busca assíncrona concluída.
2025-10-30 17:31:06 - INFO - --- Busca concluída: ---
2025-10-30 17:31:06 - INFO - 0 sucesso(s) (0.00%),
2025-10-30 17:31:06 - INFO - 300 falha(s) (100.00%).
2025-10-30 17:31:06 - INFO - --- Detalhamento dos erros: ---
2025-10-30 17:31:06 - INFO - * HTTP: 0 (403 Forbidden: 0, 429 Too Many Requests: 0)
2025-10-30 17:31:06 - INFO - * Timeout: 0
2025-10-30 17:31:06 - INFO - * Ausentes: 300
2025-10-30 17:31:06 - INFO - * Outros: 0
2025-10-30 17:31:06 - INFO - Aguardando 90s antes do próximo batch...

2025-10-30 17:32:36 - INFO - Batch 16/17 - Processando itens 4501 a 4800 (300 itens)...
2025-10-30 17:32:36 - INFO - Iniciando busca de 'REVIEWS' assíncrona para 300 AppIDs com concorrência 2...
2025-10-30 17:33:47 - INFO - Busca assíncrona concluída.
2025-10-30 17:33:47 - INFO - --- Busca concluída: ---
2025-10-30 17:33:47 - INFO - 0 sucesso(s) (0.00%),
2025-10-30 17:33:47 - INFO - 300 falha(s) (100.00%).
2025-10-30 17:33:47 - INFO - --- Detalhamento dos erros: ---
2025-10-30 17:33:47 - INFO - * HTTP: 0 (403 Forbidden: 0, 429 Too Many Requests: 0)
2025-10-30 17:33:47 - INFO - * Timeout: 0
2025-10-30 17:33:47 - INFO - * Ausentes: 300
2025-10-30 17:33:47 - INFO - * Outros: 0
2025-10-30 17:33:47 - INFO - Aguardando 90s antes do próximo batch...

2025-10-30 17:35:17 - INFO - Batch 17/17 - Processando itens 4801 a 5000 (200 itens)...
2025-10-30 17:35:17 - INFO - Iniciando busca de 'REVIEWS' assíncrona para 200 AppIDs com concorrência 2...
2025-10-30 17:36:05 - INFO - Busca assíncrona concluída.
2025-10-30 17:36:05 - INFO - --- Busca concluída: ---
2025-10-30 17:36:05 - INFO - 0 sucesso(s) (0.00%),
2025-10-30 17:36:05 - INFO - 200 falha(s) (100.00%).
2025-10-30 17:36:05 - INFO - --- Detalhamento dos erros: ---
2025-10-30 17:36:05 - INFO - * HTTP: 0 (403 Forbidden: 0, 429 Too Many Requests: 0)
2025-10-30 17:36:05 - INFO - * Timeout: 0
2025-10-30 17:36:05 - INFO - * Ausentes: 200
2025-10-30 17:36:05 - INFO - * Outros: 0
2025-10-30 17:36:05 - INFO - 
PROCESSAMENTO COMPLETO!
2025-10-30 17:36:05 - INFO - Total processado: 1,405 sucessos de 5,000 itens (28.10%)
2025-10-30 17:36:05 - INFO - ================================================================================
2025-10-30 17:36:05 - INFO - ================================================================================
2025-10-30 17:36:05 - INFO - Teste 2: Batch Size=500, Delay=60, Concurrency=3
2025-10-30 18:06:05 - INFO - === PROCESSAMENTO EM BATCHES ===
2025-10-30 18:06:05 - INFO - Total de itens: 5,000
2025-10-30 18:06:05 - INFO - Tamanho do batch: 500
2025-10-30 18:06:05 - INFO - Total de batches: 10
2025-10-30 18:06:05 - INFO - Delay entre batches: 60s
2025-10-30 18:06:05 - INFO - Concorrência por batch: 3
2025-10-30 18:06:05 - INFO - ================================

2025-10-30 18:06:05 - INFO - Batch 1/10 - Processando itens 1 a 500 (500 itens)...
2025-10-30 18:06:05 - INFO - Iniciando busca de 'DETALHES' assíncrona para 500 AppIDs com concorrência 3...
2025-10-30 18:07:04 - INFO - Busca assíncrona concluída.
2025-10-30 18:07:04 - INFO - --- Busca concluída: ---
2025-10-30 18:07:04 - INFO - 5 sucesso(s) (1.00%),
2025-10-30 18:07:04 - INFO - 495 falha(s) (99.00%).
2025-10-30 18:07:04 - INFO - --- Detalhamento dos erros: ---
2025-10-30 18:07:04 - INFO - * HTTP: 300 (403 Forbidden: 143, 429 Too Many Requests: 157)
2025-10-30 18:07:04 - INFO - * Timeout: 0
2025-10-30 18:07:04 - INFO - * Ausentes: 194
2025-10-30 18:07:04 - INFO - * Outros: 0
2025-10-30 18:07:04 - INFO - Aguardando 60s antes do próximo batch...

2025-10-30 18:08:04 - INFO - Batch 2/10 - Processando itens 501 a 1000 (500 itens)...
2025-10-30 18:08:04 - INFO - Iniciando busca de 'DETALHES' assíncrona para 500 AppIDs com concorrência 3...
2025-10-30 18:08:40 - INFO - Busca assíncrona concluída.
2025-10-30 18:08:40 - INFO - --- Busca concluída: ---
2025-10-30 18:08:40 - INFO - 0 sucesso(s) (0.00%),
2025-10-30 18:08:40 - INFO - 500 falha(s) (100.00%).
2025-10-30 18:08:40 - INFO - --- Detalhamento dos erros: ---
2025-10-30 18:08:40 - INFO - * HTTP: 500 (403 Forbidden: 469, 429 Too Many Requests: 31)
2025-10-30 18:08:40 - INFO - * Timeout: 0
2025-10-30 18:08:40 - INFO - * Ausentes: 0
2025-10-30 18:08:40 - INFO - * Outros: 0
2025-10-30 18:08:40 - INFO - Aguardando 60s antes do próximo batch...

2025-10-30 18:09:40 - INFO - Batch 3/10 - Processando itens 1001 a 1500 (500 itens)...
2025-10-30 18:09:40 - INFO - Iniciando busca de 'DETALHES' assíncrona para 500 AppIDs com concorrência 3...
2025-10-30 18:10:22 - INFO - Busca assíncrona concluída.
2025-10-30 18:10:22 - INFO - --- Busca concluída: ---
2025-10-30 18:10:22 - INFO - 0 sucesso(s) (0.00%),
2025-10-30 18:10:22 - INFO - 500 falha(s) (100.00%).
2025-10-30 18:10:22 - INFO - --- Detalhamento dos erros: ---
2025-10-30 18:10:22 - INFO - * HTTP: 500 (403 Forbidden: 404, 429 Too Many Requests: 96)
2025-10-30 18:10:22 - INFO - * Timeout: 0
2025-10-30 18:10:22 - INFO - * Ausentes: 0
2025-10-30 18:10:22 - INFO - * Outros: 0
2025-10-30 18:10:22 - INFO - Aguardando 60s antes do próximo batch...

2025-10-30 18:11:22 - INFO - Batch 4/10 - Processando itens 1501 a 2000 (500 itens)...
2025-10-30 18:11:22 - INFO - Iniciando busca de 'DETALHES' assíncrona para 500 AppIDs com concorrência 3...
2025-10-30 18:11:57 - INFO - Busca assíncrona concluída.
2025-10-30 18:11:57 - INFO - --- Busca concluída: ---
2025-10-30 18:11:57 - INFO - 0 sucesso(s) (0.00%),
2025-10-30 18:11:57 - INFO - 500 falha(s) (100.00%).
2025-10-30 18:11:57 - INFO - --- Detalhamento dos erros: ---
2025-10-30 18:11:57 - INFO - * HTTP: 500 (403 Forbidden: 500, 429 Too Many Requests: 0)
2025-10-30 18:11:57 - INFO - * Timeout: 0
2025-10-30 18:11:57 - INFO - * Ausentes: 0
2025-10-30 18:11:57 - INFO - * Outros: 0
2025-10-30 18:11:57 - INFO - Aguardando 60s antes do próximo batch...

2025-10-30 18:12:57 - INFO - Batch 5/10 - Processando itens 2001 a 2500 (500 itens)...
2025-10-30 18:12:57 - INFO - Iniciando busca de 'DETALHES' assíncrona para 500 AppIDs com concorrência 3...
2025-10-30 18:13:32 - INFO - Busca assíncrona concluída.
2025-10-30 18:13:32 - INFO - --- Busca concluída: ---
2025-10-30 18:13:32 - INFO - 0 sucesso(s) (0.00%),
2025-10-30 18:13:32 - INFO - 500 falha(s) (100.00%).
2025-10-30 18:13:32 - INFO - --- Detalhamento dos erros: ---
2025-10-30 18:13:32 - INFO - * HTTP: 500 (403 Forbidden: 500, 429 Too Many Requests: 0)
2025-10-30 18:13:32 - INFO - * Timeout: 0
2025-10-30 18:13:32 - INFO - * Ausentes: 0
2025-10-30 18:13:32 - INFO - * Outros: 0
2025-10-30 18:13:32 - INFO - Aguardando 60s antes do próximo batch...

2025-10-30 18:14:32 - INFO - Batch 6/10 - Processando itens 2501 a 3000 (500 itens)...
2025-10-30 18:14:32 - INFO - Iniciando busca de 'DETALHES' assíncrona para 500 AppIDs com concorrência 3...
2025-10-30 18:15:06 - INFO - Busca assíncrona concluída.
2025-10-30 18:15:06 - INFO - --- Busca concluída: ---
2025-10-30 18:15:06 - INFO - 0 sucesso(s) (0.00%),
2025-10-30 18:15:06 - INFO - 500 falha(s) (100.00%).
2025-10-30 18:15:06 - INFO - --- Detalhamento dos erros: ---
2025-10-30 18:15:06 - INFO - * HTTP: 500 (403 Forbidden: 500, 429 Too Many Requests: 0)
2025-10-30 18:15:06 - INFO - * Timeout: 0
2025-10-30 18:15:06 - INFO - * Ausentes: 0
2025-10-30 18:15:06 - INFO - * Outros: 0
2025-10-30 18:15:06 - INFO - Aguardando 60s antes do próximo batch...

2025-10-30 18:16:06 - INFO - Batch 7/10 - Processando itens 3001 a 3500 (500 itens)...
2025-10-30 18:16:06 - INFO - Iniciando busca de 'DETALHES' assíncrona para 500 AppIDs com concorrência 3...
2025-10-30 18:17:03 - INFO - Busca assíncrona concluída.
2025-10-30 18:17:03 - INFO - --- Busca concluída: ---
2025-10-30 18:17:03 - INFO - 126 sucesso(s) (25.20%),
2025-10-30 18:17:03 - INFO - 374 falha(s) (74.80%).
2025-10-30 18:17:03 - INFO - --- Detalhamento dos erros: ---
2025-10-30 18:17:03 - INFO - * HTTP: 300 (403 Forbidden: 227, 429 Too Many Requests: 73)
2025-10-30 18:17:03 - INFO - * Timeout: 0
2025-10-30 18:17:03 - INFO - * Ausentes: 73
2025-10-30 18:17:03 - INFO - * Outros: 0
2025-10-30 18:17:03 - INFO - Aguardando 60s antes do próximo batch...

2025-10-30 18:18:04 - INFO - Batch 8/10 - Processando itens 3501 a 4000 (500 itens)...
2025-10-30 18:18:04 - INFO - Iniciando busca de 'DETALHES' assíncrona para 500 AppIDs com concorrência 3...
2025-10-30 18:19:11 - INFO - Busca assíncrona concluída.
2025-10-30 18:19:11 - INFO - --- Busca concluída: ---
2025-10-30 18:19:11 - INFO - 0 sucesso(s) (0.00%),
2025-10-30 18:19:11 - INFO - 500 falha(s) (100.00%).
2025-10-30 18:19:11 - INFO - --- Detalhamento dos erros: ---
2025-10-30 18:19:11 - INFO - * HTTP: 500 (403 Forbidden: 8, 429 Too Many Requests: 492)
2025-10-30 18:19:11 - INFO - * Timeout: 0
2025-10-30 18:19:11 - INFO - * Ausentes: 0
2025-10-30 18:19:11 - INFO - * Outros: 0
2025-10-30 18:19:11 - INFO - Aguardando 60s antes do próximo batch...

2025-10-30 18:20:11 - INFO - Batch 9/10 - Processando itens 4001 a 4500 (500 itens)...
2025-10-30 18:20:11 - INFO - Iniciando busca de 'DETALHES' assíncrona para 500 AppIDs com concorrência 3...
2025-10-30 18:20:58 - INFO - Busca assíncrona concluída.
2025-10-30 18:20:58 - INFO - --- Busca concluída: ---
2025-10-30 18:20:58 - INFO - 0 sucesso(s) (0.00%),
2025-10-30 18:20:58 - INFO - 500 falha(s) (100.00%).
2025-10-30 18:20:58 - INFO - --- Detalhamento dos erros: ---
2025-10-30 18:20:58 - INFO - * HTTP: 500 (403 Forbidden: 458, 429 Too Many Requests: 42)
2025-10-30 18:20:58 - INFO - * Timeout: 0
2025-10-30 18:20:58 - INFO - * Ausentes: 0
2025-10-30 18:20:58 - INFO - * Outros: 0
2025-10-30 18:20:58 - INFO - Aguardando 60s antes do próximo batch...

2025-10-30 18:21:58 - INFO - Batch 10/10 - Processando itens 4501 a 5000 (500 itens)...
2025-10-30 18:21:58 - INFO - Iniciando busca de 'DETALHES' assíncrona para 500 AppIDs com concorrência 3...
2025-10-30 18:23:03 - INFO - Busca assíncrona concluída.
2025-10-30 18:23:03 - INFO - --- Busca concluída: ---
2025-10-30 18:23:03 - INFO - 0 sucesso(s) (0.00%),
2025-10-30 18:23:03 - INFO - 500 falha(s) (100.00%).
2025-10-30 18:23:03 - INFO - --- Detalhamento dos erros: ---
2025-10-30 18:23:03 - INFO - * HTTP: 300 (403 Forbidden: 70, 429 Too Many Requests: 230)
2025-10-30 18:23:03 - INFO - * Timeout: 0
2025-10-30 18:23:03 - INFO - * Ausentes: 200
2025-10-30 18:23:03 - INFO - * Outros: 0
2025-10-30 18:23:03 - INFO - 
PROCESSAMENTO COMPLETO!
2025-10-30 18:23:03 - INFO - Total processado: 131 sucessos de 5,000 itens (2.62%)
2025-10-30 18:53:03 - INFO - === PROCESSAMENTO EM BATCHES (REVIEWS) ===
2025-10-30 18:53:03 - INFO - Total de itens: 5,000
2025-10-30 18:53:03 - INFO - Tamanho do batch: 500
2025-10-30 18:53:03 - INFO - Total de batches: 10
2025-10-30 18:53:03 - INFO - Delay entre batches: 60s
2025-10-30 18:53:03 - INFO - Concorrência por batch: 3
2025-10-30 18:53:03 - INFO - ==========================================

2025-10-30 18:53:03 - INFO - Batch 1/10 - Processando itens 1 a 500 (500 itens)...
2025-10-30 18:53:03 - INFO - Iniciando busca de 'REVIEWS' assíncrona para 500 AppIDs com concorrência 3...
2025-10-30 18:54:18 - INFO - Busca assíncrona concluída.
2025-10-30 18:54:18 - INFO - --- Busca concluída: ---
2025-10-30 18:54:18 - INFO - 121 sucesso(s) (24.20%),
2025-10-30 18:54:18 - INFO - 379 falha(s) (75.80%).
2025-10-30 18:54:18 - INFO - --- Detalhamento dos erros: ---
2025-10-30 18:54:18 - INFO - * HTTP: 0 (403 Forbidden: 0, 429 Too Many Requests: 0)
2025-10-30 18:54:18 - INFO - * Timeout: 0
2025-10-30 18:54:18 - INFO - * Ausentes: 379
2025-10-30 18:54:18 - INFO - * Outros: 0
2025-10-30 18:54:18 - INFO - Aguardando 60s antes do próximo batch...

2025-10-30 18:55:18 - INFO - Batch 2/10 - Processando itens 501 a 1000 (500 itens)...
2025-10-30 18:55:18 - INFO - Iniciando busca de 'REVIEWS' assíncrona para 500 AppIDs com concorrência 3...
2025-10-30 18:56:33 - INFO - Busca assíncrona concluída.
2025-10-30 18:56:33 - INFO - --- Busca concluída: ---
2025-10-30 18:56:33 - INFO - 0 sucesso(s) (0.00%),
2025-10-30 18:56:33 - INFO - 500 falha(s) (100.00%).
2025-10-30 18:56:33 - INFO - --- Detalhamento dos erros: ---
2025-10-30 18:56:33 - INFO - * HTTP: 0 (403 Forbidden: 0, 429 Too Many Requests: 0)
2025-10-30 18:56:33 - INFO - * Timeout: 0
2025-10-30 18:56:33 - INFO - * Ausentes: 500
2025-10-30 18:56:33 - INFO - * Outros: 0
2025-10-30 18:56:33 - INFO - Aguardando 60s antes do próximo batch...

2025-10-30 18:57:33 - INFO - Batch 3/10 - Processando itens 1001 a 1500 (500 itens)...
2025-10-30 18:57:33 - INFO - Iniciando busca de 'REVIEWS' assíncrona para 500 AppIDs com concorrência 3...
2025-10-30 18:58:54 - INFO - Busca assíncrona concluída.
2025-10-30 18:58:54 - INFO - --- Busca concluída: ---
2025-10-30 18:58:54 - INFO - 104 sucesso(s) (20.80%),
2025-10-30 18:58:54 - INFO - 396 falha(s) (79.20%).
2025-10-30 18:58:54 - INFO - --- Detalhamento dos erros: ---
2025-10-30 18:58:54 - INFO - * HTTP: 0 (403 Forbidden: 0, 429 Too Many Requests: 0)
2025-10-30 18:58:54 - INFO - * Timeout: 0
2025-10-30 18:58:54 - INFO - * Ausentes: 396
2025-10-30 18:58:54 - INFO - * Outros: 0
2025-10-30 18:58:54 - INFO - Aguardando 60s antes do próximo batch...

2025-10-30 18:59:54 - INFO - Batch 4/10 - Processando itens 1501 a 2000 (500 itens)...
2025-10-30 18:59:54 - INFO - Iniciando busca de 'REVIEWS' assíncrona para 500 AppIDs com concorrência 3...
2025-10-30 19:01:12 - INFO - Busca assíncrona concluída.
2025-10-30 19:01:12 - INFO - --- Busca concluída: ---
2025-10-30 19:01:12 - INFO - 295 sucesso(s) (59.00%),
2025-10-30 19:01:12 - INFO - 205 falha(s) (41.00%).
2025-10-30 19:01:12 - INFO - --- Detalhamento dos erros: ---
2025-10-30 19:01:12 - INFO - * HTTP: 0 (403 Forbidden: 0, 429 Too Many Requests: 0)
2025-10-30 19:01:12 - INFO - * Timeout: 0
2025-10-30 19:01:12 - INFO - * Ausentes: 205
2025-10-30 19:01:12 - INFO - * Outros: 0
2025-10-30 19:01:12 - INFO - Aguardando 60s antes do próximo batch...

2025-10-30 19:02:12 - INFO - Batch 5/10 - Processando itens 2001 a 2500 (500 itens)...
2025-10-30 19:02:12 - INFO - Iniciando busca de 'REVIEWS' assíncrona para 500 AppIDs com concorrência 3...
2025-10-30 19:03:32 - INFO - Busca assíncrona concluída.
2025-10-30 19:03:32 - INFO - --- Busca concluída: ---
2025-10-30 19:03:32 - INFO - 175 sucesso(s) (35.00%),
2025-10-30 19:03:32 - INFO - 325 falha(s) (65.00%).
2025-10-30 19:03:32 - INFO - --- Detalhamento dos erros: ---
2025-10-30 19:03:32 - INFO - * HTTP: 0 (403 Forbidden: 0, 429 Too Many Requests: 0)
2025-10-30 19:03:32 - INFO - * Timeout: 0
2025-10-30 19:03:32 - INFO - * Ausentes: 325
2025-10-30 19:03:32 - INFO - * Outros: 0
2025-10-30 19:03:32 - INFO - Aguardando 60s antes do próximo batch...

2025-10-30 19:04:32 - INFO - Batch 6/10 - Processando itens 2501 a 3000 (500 itens)...
2025-10-30 19:04:32 - INFO - Iniciando busca de 'REVIEWS' assíncrona para 500 AppIDs com concorrência 3...
2025-10-30 19:05:55 - INFO - Busca assíncrona concluída.
2025-10-30 19:05:55 - INFO - --- Busca concluída: ---
2025-10-30 19:05:55 - INFO - 273 sucesso(s) (54.60%),
2025-10-30 19:05:55 - INFO - 227 falha(s) (45.40%).
2025-10-30 19:05:55 - INFO - --- Detalhamento dos erros: ---
2025-10-30 19:05:55 - INFO - * HTTP: 0 (403 Forbidden: 0, 429 Too Many Requests: 0)
2025-10-30 19:05:55 - INFO - * Timeout: 0
2025-10-30 19:05:55 - INFO - * Ausentes: 227
2025-10-30 19:05:55 - INFO - * Outros: 0
2025-10-30 19:05:55 - INFO - Aguardando 60s antes do próximo batch...

2025-10-30 19:06:55 - INFO - Batch 7/10 - Processando itens 3001 a 3500 (500 itens)...
2025-10-30 19:06:55 - INFO - Iniciando busca de 'REVIEWS' assíncrona para 500 AppIDs com concorrência 3...
2025-10-30 19:08:15 - INFO - Busca assíncrona concluída.
2025-10-30 19:08:15 - INFO - --- Busca concluída: ---
2025-10-30 19:08:15 - INFO - 287 sucesso(s) (57.40%),
2025-10-30 19:08:15 - INFO - 213 falha(s) (42.60%).
2025-10-30 19:08:15 - INFO - --- Detalhamento dos erros: ---
2025-10-30 19:08:15 - INFO - * HTTP: 0 (403 Forbidden: 0, 429 Too Many Requests: 0)
2025-10-30 19:08:15 - INFO - * Timeout: 0
2025-10-30 19:08:15 - INFO - * Ausentes: 213
2025-10-30 19:08:15 - INFO - * Outros: 0
2025-10-30 19:08:15 - INFO - Aguardando 60s antes do próximo batch...

2025-10-30 19:09:15 - INFO - Batch 8/10 - Processando itens 3501 a 4000 (500 itens)...
2025-10-30 19:09:15 - INFO - Iniciando busca de 'REVIEWS' assíncrona para 500 AppIDs com concorrência 3...
2025-10-30 19:10:33 - INFO - Busca assíncrona concluída.
2025-10-30 19:10:33 - INFO - --- Busca concluída: ---
2025-10-30 19:10:33 - INFO - 151 sucesso(s) (30.20%),
2025-10-30 19:10:33 - INFO - 349 falha(s) (69.80%).
2025-10-30 19:10:33 - INFO - --- Detalhamento dos erros: ---
2025-10-30 19:10:33 - INFO - * HTTP: 0 (403 Forbidden: 0, 429 Too Many Requests: 0)
2025-10-30 19:10:33 - INFO - * Timeout: 0
2025-10-30 19:10:33 - INFO - * Ausentes: 349
2025-10-30 19:10:33 - INFO - * Outros: 0
2025-10-30 19:10:33 - INFO - Aguardando 60s antes do próximo batch...

2025-10-30 19:11:33 - INFO - Batch 9/10 - Processando itens 4001 a 4500 (500 itens)...
2025-10-30 19:11:33 - INFO - Iniciando busca de 'REVIEWS' assíncrona para 500 AppIDs com concorrência 3...
2025-10-30 19:12:50 - INFO - Busca assíncrona concluída.
2025-10-30 19:12:50 - INFO - --- Busca concluída: ---
2025-10-30 19:12:50 - INFO - 0 sucesso(s) (0.00%),
2025-10-30 19:12:50 - INFO - 500 falha(s) (100.00%).
2025-10-30 19:12:50 - INFO - --- Detalhamento dos erros: ---
2025-10-30 19:12:50 - INFO - * HTTP: 0 (403 Forbidden: 0, 429 Too Many Requests: 0)
2025-10-30 19:12:50 - INFO - * Timeout: 0
2025-10-30 19:12:50 - INFO - * Ausentes: 500
2025-10-30 19:12:50 - INFO - * Outros: 0
2025-10-30 19:12:50 - INFO - Aguardando 60s antes do próximo batch...

2025-10-30 19:13:50 - INFO - Batch 10/10 - Processando itens 4501 a 5000 (500 itens)...
2025-10-30 19:13:50 - INFO - Iniciando busca de 'REVIEWS' assíncrona para 500 AppIDs com concorrência 3...
2025-10-30 19:15:06 - INFO - Busca assíncrona concluída.
2025-10-30 19:15:06 - INFO - --- Busca concluída: ---
2025-10-30 19:15:06 - INFO - 0 sucesso(s) (0.00%),
2025-10-30 19:15:06 - INFO - 500 falha(s) (100.00%).
2025-10-30 19:15:06 - INFO - --- Detalhamento dos erros: ---
2025-10-30 19:15:06 - INFO - * HTTP: 0 (403 Forbidden: 0, 429 Too Many Requests: 0)
2025-10-30 19:15:06 - INFO - * Timeout: 0
2025-10-30 19:15:06 - INFO - * Ausentes: 500
2025-10-30 19:15:06 - INFO - * Outros: 0
2025-10-30 19:15:06 - INFO - 
PROCESSAMENTO COMPLETO!
2025-10-30 19:15:06 - INFO - Total processado: 1,406 sucessos de 5,000 itens (28.12%)
2025-10-30 19:15:06 - INFO - ================================================================================
2025-10-30 20:24:56 - INFO - Conexão com o banco de dados estabelecida com sucesso.
2025-10-30 20:24:56 - INFO - Tabela criada com sucesso.
2025-10-30 20:24:56 - INFO - Tabela criada com sucesso.
2025-10-30 20:24:56 - INFO - Número total de aplicativos carregados: 273744
2025-10-30 20:25:23 - INFO - Número de AppIDs a processar: 271600
2025-10-30 20:25:23 - INFO - === PROCESSAMENTO EM BATCHES ===
2025-10-30 20:25:23 - INFO - Total de itens: 271,600
2025-10-30 20:25:23 - INFO - Tamanho do batch: 200
2025-10-30 20:25:23 - INFO - Total de batches: 1358
2025-10-30 20:25:23 - INFO - Delay entre batches: 120s
2025-10-30 20:25:23 - INFO - Concorrência por batch: 1
2025-10-30 20:25:23 - INFO - ================================

2025-10-30 20:25:23 - INFO - Batch 1/1358 - Processando itens 1 a 200 (200 itens)...
2025-10-30 20:25:23 - INFO - Iniciando busca de 'DETALHES' assíncrona para 200 AppIDs com concorrência 1...
2025-10-30 20:26:47 - INFO - Busca assíncrona concluída.
2025-10-30 20:26:47 - INFO - --- Busca concluída: ---
2025-10-30 20:26:47 - INFO - 5 sucesso(s) (2.50%),
2025-10-30 20:26:47 - INFO - 195 falha(s) (97.50%).
2025-10-30 20:26:47 - INFO - --- Detalhamento dos erros: ---
2025-10-30 20:26:47 - INFO - * HTTP: 0 (403 Forbidden: 0, 429 Too Many Requests: 0)
2025-10-30 20:26:47 - INFO - * Timeout: 0
2025-10-30 20:26:47 - INFO - * Ausentes: 194
2025-10-30 20:26:47 - INFO - * Outros: 0
2025-10-30 20:26:47 - INFO - Aguardando 120s antes do próximo batch...

2025-10-30 20:28:47 - INFO - Batch 2/1358 - Processando itens 201 a 400 (200 itens)...
2025-10-30 20:28:47 - INFO - Iniciando busca de 'DETALHES' assíncrona para 200 AppIDs com concorrência 1...
2025-10-30 20:30:12 - INFO - Busca assíncrona concluída.
2025-10-30 20:30:12 - INFO - --- Busca concluída: ---
2025-10-30 20:30:12 - INFO - 0 sucesso(s) (0.00%),
2025-10-30 20:30:12 - INFO - 200 falha(s) (100.00%).
2025-10-30 20:30:12 - INFO - --- Detalhamento dos erros: ---
2025-10-30 20:30:12 - INFO - * HTTP: 200 (403 Forbidden: 0, 429 Too Many Requests: 200)
2025-10-30 20:30:12 - INFO - * Timeout: 0
2025-10-30 20:30:12 - INFO - * Ausentes: 0
2025-10-30 20:30:12 - INFO - * Outros: 0
2025-10-30 20:30:12 - INFO - Aguardando 120s antes do próximo batch...

2025-10-30 20:32:12 - INFO - Batch 3/1358 - Processando itens 401 a 600 (200 itens)...
2025-10-30 20:32:12 - INFO - Iniciando busca de 'DETALHES' assíncrona para 200 AppIDs com concorrência 1...
2025-10-30 20:33:43 - INFO - Busca assíncrona concluída.
2025-10-30 20:33:43 - INFO - --- Busca concluída: ---
2025-10-30 20:33:43 - INFO - 1 sucesso(s) (0.50%),
2025-10-30 20:33:43 - INFO - 199 falha(s) (99.50%).
2025-10-30 20:33:43 - INFO - --- Detalhamento dos erros: ---
2025-10-30 20:33:43 - INFO - * HTTP: 0 (403 Forbidden: 0, 429 Too Many Requests: 0)
2025-10-30 20:33:43 - INFO - * Timeout: 0
2025-10-30 20:33:43 - INFO - * Ausentes: 199
2025-10-30 20:33:43 - INFO - * Outros: 0
2025-10-30 20:33:43 - INFO - Aguardando 120s antes do próximo batch...

2025-10-30 20:35:43 - INFO - Batch 4/1358 - Processando itens 601 a 800 (200 itens)...
2025-10-30 20:35:43 - INFO - Iniciando busca de 'DETALHES' assíncrona para 200 AppIDs com concorrência 1...
2025-10-30 20:37:02 - INFO - Busca assíncrona concluída.
2025-10-30 20:37:02 - INFO - --- Busca concluída: ---
2025-10-30 20:37:02 - INFO - 0 sucesso(s) (0.00%),
2025-10-30 20:37:02 - INFO - 200 falha(s) (100.00%).
2025-10-30 20:37:02 - INFO - --- Detalhamento dos erros: ---
2025-10-30 20:37:02 - INFO - * HTTP: 200 (403 Forbidden: 0, 429 Too Many Requests: 200)
2025-10-30 20:37:02 - INFO - * Timeout: 0
2025-10-30 20:37:02 - INFO - * Ausentes: 0
2025-10-30 20:37:02 - INFO - * Outros: 0
2025-10-30 20:37:02 - INFO - Aguardando 120s antes do próximo batch...

2025-10-30 20:39:02 - INFO - Batch 5/1358 - Processando itens 801 a 1000 (200 itens)...
2025-10-30 20:39:02 - INFO - Iniciando busca de 'DETALHES' assíncrona para 200 AppIDs com concorrência 1...
2025-10-30 20:40:33 - INFO - Busca assíncrona concluída.
2025-10-30 20:40:33 - INFO - --- Busca concluída: ---
2025-10-30 20:40:33 - INFO - 0 sucesso(s) (0.00%),
2025-10-30 20:40:33 - INFO - 200 falha(s) (100.00%).
2025-10-30 20:40:33 - INFO - --- Detalhamento dos erros: ---
2025-10-30 20:40:33 - INFO - * HTTP: 0 (403 Forbidden: 0, 429 Too Many Requests: 0)
2025-10-30 20:40:33 - INFO - * Timeout: 0
2025-10-30 20:40:33 - INFO - * Ausentes: 200
2025-10-30 20:40:33 - INFO - * Outros: 0
2025-10-30 20:40:33 - INFO - Aguardando 120s antes do próximo batch...

2025-10-30 20:42:33 - INFO - Batch 6/1358 - Processando itens 1001 a 1200 (200 itens)...
2025-10-30 20:42:33 - INFO - Iniciando busca de 'DETALHES' assíncrona para 200 AppIDs com concorrência 1...
2025-10-30 20:43:56 - INFO - Busca assíncrona concluída.
2025-10-30 20:43:56 - INFO - --- Busca concluída: ---
2025-10-30 20:43:56 - INFO - 0 sucesso(s) (0.00%),
2025-10-30 20:43:56 - INFO - 200 falha(s) (100.00%).
2025-10-30 20:43:56 - INFO - --- Detalhamento dos erros: ---
2025-10-30 20:43:56 - INFO - * HTTP: 200 (403 Forbidden: 0, 429 Too Many Requests: 200)
2025-10-30 20:43:56 - INFO - * Timeout: 0
2025-10-30 20:43:56 - INFO - * Ausentes: 0
2025-10-30 20:43:56 - INFO - * Outros: 0
2025-10-30 20:43:56 - INFO - Aguardando 120s antes do próximo batch...

2025-10-30 20:45:56 - INFO - Batch 7/1358 - Processando itens 1201 a 1400 (200 itens)...
2025-10-30 20:45:56 - INFO - Iniciando busca de 'DETALHES' assíncrona para 200 AppIDs com concorrência 1...
2025-10-30 20:47:23 - INFO - Busca assíncrona concluída.
2025-10-30 20:47:23 - INFO - --- Busca concluída: ---
2025-10-30 20:47:23 - INFO - 66 sucesso(s) (33.00%),
2025-10-30 20:47:23 - INFO - 134 falha(s) (67.00%).
2025-10-30 20:47:23 - INFO - --- Detalhamento dos erros: ---
2025-10-30 20:47:23 - INFO - * HTTP: 0 (403 Forbidden: 0, 429 Too Many Requests: 0)
2025-10-30 20:47:23 - INFO - * Timeout: 0
2025-10-30 20:47:23 - INFO - * Ausentes: 130
2025-10-30 20:47:23 - INFO - * Outros: 0
2025-10-30 20:47:23 - INFO - Aguardando 120s antes do próximo batch...

2025-10-30 20:49:23 - INFO - Batch 8/1358 - Processando itens 1401 a 1600 (200 itens)...
2025-10-30 20:49:23 - INFO - Iniciando busca de 'DETALHES' assíncrona para 200 AppIDs com concorrência 1...
2025-10-30 20:50:41 - INFO - Busca assíncrona concluída.
2025-10-30 20:50:41 - INFO - --- Busca concluída: ---
2025-10-30 20:50:41 - INFO - 0 sucesso(s) (0.00%),
2025-10-30 20:50:41 - INFO - 200 falha(s) (100.00%).
2025-10-30 20:50:41 - INFO - --- Detalhamento dos erros: ---
2025-10-30 20:50:41 - INFO - * HTTP: 200 (403 Forbidden: 0, 429 Too Many Requests: 200)
2025-10-30 20:50:41 - INFO - * Timeout: 0
2025-10-30 20:50:41 - INFO - * Ausentes: 0
2025-10-30 20:50:41 - INFO - * Outros: 0
2025-10-30 20:50:41 - INFO - Aguardando 120s antes do próximo batch...

2025-10-30 20:52:41 - INFO - Batch 9/1358 - Processando itens 1601 a 1800 (200 itens)...
2025-10-30 20:52:41 - INFO - Iniciando busca de 'DETALHES' assíncrona para 200 AppIDs com concorrência 1...
2025-10-30 20:54:10 - INFO - Busca assíncrona concluída.
2025-10-30 20:54:10 - INFO - --- Busca concluída: ---
2025-10-30 20:54:10 - INFO - 143 sucesso(s) (71.50%),
2025-10-30 20:54:10 - INFO - 57 falha(s) (28.50%).
2025-10-30 20:54:10 - INFO - --- Detalhamento dos erros: ---
2025-10-30 20:54:10 - INFO - * HTTP: 0 (403 Forbidden: 0, 429 Too Many Requests: 0)
2025-10-30 20:54:10 - INFO - * Timeout: 0
2025-10-30 20:54:10 - INFO - * Ausentes: 55
2025-10-30 20:54:10 - INFO - * Outros: 0
2025-10-30 20:54:10 - INFO - Aguardando 120s antes do próximo batch...

2025-10-30 20:56:10 - INFO - Batch 10/1358 - Processando itens 1801 a 2000 (200 itens)...
2025-10-30 20:56:10 - INFO - Iniciando busca de 'DETALHES' assíncrona para 200 AppIDs com concorrência 1...
2025-10-30 20:57:35 - INFO - Busca assíncrona concluída.
2025-10-30 20:57:35 - INFO - --- Busca concluída: ---
2025-10-30 20:57:35 - INFO - 0 sucesso(s) (0.00%),
2025-10-30 20:57:35 - INFO - 200 falha(s) (100.00%).
2025-10-30 20:57:35 - INFO - --- Detalhamento dos erros: ---
2025-10-30 20:57:35 - INFO - * HTTP: 200 (403 Forbidden: 0, 429 Too Many Requests: 200)
2025-10-30 20:57:35 - INFO - * Timeout: 0
2025-10-30 20:57:35 - INFO - * Ausentes: 0
2025-10-30 20:57:35 - INFO - * Outros: 0
2025-10-30 20:57:35 - INFO - Aguardando 120s antes do próximo batch...

2025-10-30 20:59:35 - INFO - Batch 11/1358 - Processando itens 2001 a 2200 (200 itens)...
2025-10-30 20:59:35 - INFO - Iniciando busca de 'DETALHES' assíncrona para 200 AppIDs com concorrência 1...
2025-10-30 21:00:59 - INFO - Busca assíncrona concluída.
2025-10-30 21:00:59 - INFO - --- Busca concluída: ---
2025-10-30 21:00:59 - INFO - 82 sucesso(s) (41.00%),
2025-10-30 21:00:59 - INFO - 118 falha(s) (59.00%).
2025-10-30 21:00:59 - INFO - --- Detalhamento dos erros: ---
2025-10-30 21:00:59 - INFO - * HTTP: 0 (403 Forbidden: 0, 429 Too Many Requests: 0)
2025-10-30 21:00:59 - INFO - * Timeout: 0
2025-10-30 21:00:59 - INFO - * Ausentes: 113
2025-10-30 21:00:59 - INFO - * Outros: 0
2025-10-30 21:00:59 - INFO - Aguardando 120s antes do próximo batch...

2025-10-30 21:02:59 - INFO - Batch 12/1358 - Processando itens 2201 a 2400 (200 itens)...
2025-10-30 21:02:59 - INFO - Iniciando busca de 'DETALHES' assíncrona para 200 AppIDs com concorrência 1...
2025-10-30 21:04:27 - INFO - Busca assíncrona concluída.
2025-10-30 21:04:27 - INFO - --- Busca concluída: ---
2025-10-30 21:04:27 - INFO - 0 sucesso(s) (0.00%),
2025-10-30 21:04:27 - INFO - 200 falha(s) (100.00%).
2025-10-30 21:04:27 - INFO - --- Detalhamento dos erros: ---
2025-10-30 21:04:27 - INFO - * HTTP: 200 (403 Forbidden: 0, 429 Too Many Requests: 200)
2025-10-30 21:04:27 - INFO - * Timeout: 0
2025-10-30 21:04:27 - INFO - * Ausentes: 0
2025-10-30 21:04:27 - INFO - * Outros: 0
2025-10-30 21:04:27 - INFO - Aguardando 120s antes do próximo batch...

2025-10-30 21:06:27 - INFO - Batch 13/1358 - Processando itens 2401 a 2600 (200 itens)...
2025-10-30 21:06:27 - INFO - Iniciando busca de 'DETALHES' assíncrona para 200 AppIDs com concorrência 1...
2025-10-30 21:07:54 - INFO - Busca assíncrona concluída.
2025-10-30 21:07:54 - INFO - --- Busca concluída: ---
2025-10-30 21:07:54 - INFO - 87 sucesso(s) (43.50%),
2025-10-30 21:07:54 - INFO - 113 falha(s) (56.50%).
2025-10-30 21:07:54 - INFO - --- Detalhamento dos erros: ---
2025-10-30 21:07:54 - INFO - * HTTP: 0 (403 Forbidden: 0, 429 Too Many Requests: 0)
2025-10-30 21:07:54 - INFO - * Timeout: 0
2025-10-30 21:07:54 - INFO - * Ausentes: 111
2025-10-30 21:07:54 - INFO - * Outros: 0
2025-10-30 21:07:54 - INFO - Aguardando 120s antes do próximo batch...

2025-10-30 21:09:54 - INFO - Batch 14/1358 - Processando itens 2601 a 2800 (200 itens)...
2025-10-30 21:09:54 - INFO - Iniciando busca de 'DETALHES' assíncrona para 200 AppIDs com concorrência 1...
2025-10-30 21:11:13 - INFO - Busca assíncrona concluída.
2025-10-30 21:11:13 - INFO - --- Busca concluída: ---
2025-10-30 21:11:13 - INFO - 0 sucesso(s) (0.00%),
2025-10-30 21:11:13 - INFO - 200 falha(s) (100.00%).
2025-10-30 21:11:13 - INFO - --- Detalhamento dos erros: ---
2025-10-30 21:11:13 - INFO - * HTTP: 200 (403 Forbidden: 0, 429 Too Many Requests: 200)
2025-10-30 21:11:13 - INFO - * Timeout: 0
2025-10-30 21:11:13 - INFO - * Ausentes: 0
2025-10-30 21:11:13 - INFO - * Outros: 0
2025-10-30 21:11:13 - INFO - Aguardando 120s antes do próximo batch...

2025-10-30 21:13:13 - INFO - Batch 15/1358 - Processando itens 2801 a 3000 (200 itens)...
2025-10-30 21:13:13 - INFO - Iniciando busca de 'DETALHES' assíncrona para 200 AppIDs com concorrência 1...
2025-10-30 21:14:41 - INFO - Busca assíncrona concluída.
2025-10-30 21:14:41 - INFO - --- Busca concluída: ---
2025-10-30 21:14:41 - INFO - 118 sucesso(s) (59.00%),
2025-10-30 21:14:41 - INFO - 82 falha(s) (41.00%).
2025-10-30 21:14:41 - INFO - --- Detalhamento dos erros: ---
2025-10-30 21:14:41 - INFO - * HTTP: 0 (403 Forbidden: 0, 429 Too Many Requests: 0)
2025-10-30 21:14:41 - INFO - * Timeout: 0
2025-10-30 21:14:41 - INFO - * Ausentes: 81
2025-10-30 21:14:41 - INFO - * Outros: 0
2025-10-30 21:14:41 - INFO - Aguardando 120s antes do próximo batch...

2025-10-30 21:16:41 - INFO - Batch 16/1358 - Processando itens 3001 a 3200 (200 itens)...
2025-10-30 21:16:41 - INFO - Iniciando busca de 'DETALHES' assíncrona para 200 AppIDs com concorrência 1...
2025-10-30 21:18:09 - INFO - Busca assíncrona concluída.
2025-10-30 21:18:09 - INFO - --- Busca concluída: ---
2025-10-30 21:18:09 - INFO - 0 sucesso(s) (0.00%),
2025-10-30 21:18:09 - INFO - 200 falha(s) (100.00%).
2025-10-30 21:18:09 - INFO - --- Detalhamento dos erros: ---
2025-10-30 21:18:09 - INFO - * HTTP: 200 (403 Forbidden: 0, 429 Too Many Requests: 200)
2025-10-30 21:18:09 - INFO - * Timeout: 0
2025-10-30 21:18:09 - INFO - * Ausentes: 0
2025-10-30 21:18:09 - INFO - * Outros: 0
2025-10-30 21:18:09 - INFO - Aguardando 120s antes do próximo batch...

2025-10-30 21:20:09 - INFO - Batch 17/1358 - Processando itens 3201 a 3400 (200 itens)...
2025-10-30 21:20:09 - INFO - Iniciando busca de 'DETALHES' assíncrona para 200 AppIDs com concorrência 1...
2025-10-30 21:21:40 - INFO - Busca assíncrona concluída.
2025-10-30 21:21:40 - INFO - --- Busca concluída: ---
2025-10-30 21:21:40 - INFO - 80 sucesso(s) (40.00%),
2025-10-30 21:21:40 - INFO - 120 falha(s) (60.00%).
2025-10-30 21:21:40 - INFO - --- Detalhamento dos erros: ---
2025-10-30 21:21:40 - INFO - * HTTP: 0 (403 Forbidden: 0, 429 Too Many Requests: 0)
2025-10-30 21:21:40 - INFO - * Timeout: 0
2025-10-30 21:21:40 - INFO - * Ausentes: 119
2025-10-30 21:21:40 - INFO - * Outros: 0
2025-10-30 21:21:40 - INFO - Aguardando 120s antes do próximo batch...

2025-10-30 21:23:40 - INFO - Batch 18/1358 - Processando itens 3401 a 3600 (200 itens)...
2025-10-30 21:23:40 - INFO - Iniciando busca de 'DETALHES' assíncrona para 200 AppIDs com concorrência 1...
2025-10-30 21:25:04 - INFO - Busca assíncrona concluída.
2025-10-30 21:25:04 - INFO - --- Busca concluída: ---
2025-10-30 21:25:04 - INFO - 0 sucesso(s) (0.00%),
2025-10-30 21:25:04 - INFO - 200 falha(s) (100.00%).
2025-10-30 21:25:04 - INFO - --- Detalhamento dos erros: ---
2025-10-30 21:25:04 - INFO - * HTTP: 200 (403 Forbidden: 0, 429 Too Many Requests: 200)
2025-10-30 21:25:04 - INFO - * Timeout: 0
2025-10-30 21:25:04 - INFO - * Ausentes: 0
2025-10-30 21:25:04 - INFO - * Outros: 0
2025-10-30 21:25:04 - INFO - Aguardando 120s antes do próximo batch...

2025-10-30 21:27:04 - INFO - Batch 19/1358 - Processando itens 3601 a 3800 (200 itens)...
2025-10-30 21:27:04 - INFO - Iniciando busca de 'DETALHES' assíncrona para 200 AppIDs com concorrência 1...
2025-10-30 21:28:36 - INFO - Busca assíncrona concluída.
2025-10-30 21:28:36 - INFO - --- Busca concluída: ---
2025-10-30 21:28:36 - INFO - 84 sucesso(s) (42.00%),
2025-10-30 21:28:36 - INFO - 116 falha(s) (58.00%).
2025-10-30 21:28:36 - INFO - --- Detalhamento dos erros: ---
2025-10-30 21:28:36 - INFO - * HTTP: 0 (403 Forbidden: 0, 429 Too Many Requests: 0)
2025-10-30 21:28:36 - INFO - * Timeout: 0
2025-10-30 21:28:36 - INFO - * Ausentes: 115
2025-10-30 21:28:36 - INFO - * Outros: 0
2025-10-30 21:28:36 - INFO - Aguardando 120s antes do próximo batch...

2025-10-30 21:30:36 - INFO - Batch 20/1358 - Processando itens 3801 a 4000 (200 itens)...
2025-10-30 21:30:36 - INFO - Iniciando busca de 'DETALHES' assíncrona para 200 AppIDs com concorrência 1...
2025-10-30 21:32:01 - INFO - Busca assíncrona concluída.
2025-10-30 21:32:01 - INFO - --- Busca concluída: ---
2025-10-30 21:32:01 - INFO - 0 sucesso(s) (0.00%),
2025-10-30 21:32:01 - INFO - 200 falha(s) (100.00%).
2025-10-30 21:32:01 - INFO - --- Detalhamento dos erros: ---
2025-10-30 21:32:01 - INFO - * HTTP: 200 (403 Forbidden: 0, 429 Too Many Requests: 200)
2025-10-30 21:32:01 - INFO - * Timeout: 0
2025-10-30 21:32:01 - INFO - * Ausentes: 0
2025-10-30 21:32:01 - INFO - * Outros: 0
2025-10-30 21:32:01 - INFO - Aguardando 120s antes do próximo batch...

2025-10-30 21:34:01 - INFO - Batch 21/1358 - Processando itens 4001 a 4200 (200 itens)...
2025-10-30 21:34:01 - INFO - Iniciando busca de 'DETALHES' assíncrona para 200 AppIDs com concorrência 1...
2025-10-30 21:35:28 - INFO - Busca assíncrona concluída.
2025-10-30 21:35:28 - INFO - --- Busca concluída: ---
2025-10-30 21:35:28 - INFO - 0 sucesso(s) (0.00%),
2025-10-30 21:35:28 - INFO - 200 falha(s) (100.00%).
2025-10-30 21:35:28 - INFO - --- Detalhamento dos erros: ---
2025-10-30 21:35:28 - INFO - * HTTP: 0 (403 Forbidden: 0, 429 Too Many Requests: 0)
2025-10-30 21:35:28 - INFO - * Timeout: 0
2025-10-30 21:35:28 - INFO - * Ausentes: 200
2025-10-30 21:35:28 - INFO - * Outros: 0
2025-10-30 21:35:28 - INFO - Aguardando 120s antes do próximo batch...

2025-10-30 21:37:28 - INFO - Batch 22/1358 - Processando itens 4201 a 4400 (200 itens)...
2025-10-30 21:37:28 - INFO - Iniciando busca de 'DETALHES' assíncrona para 200 AppIDs com concorrência 1...
2025-10-30 21:38:55 - INFO - Busca assíncrona concluída.
2025-10-30 21:38:55 - INFO - --- Busca concluída: ---
2025-10-30 21:38:55 - INFO - 0 sucesso(s) (0.00%),
2025-10-30 21:38:55 - INFO - 200 falha(s) (100.00%).
2025-10-30 21:38:55 - INFO - --- Detalhamento dos erros: ---
2025-10-30 21:38:55 - INFO - * HTTP: 200 (403 Forbidden: 0, 429 Too Many Requests: 200)
2025-10-30 21:38:55 - INFO - * Timeout: 0
2025-10-30 21:38:55 - INFO - * Ausentes: 0
2025-10-30 21:38:55 - INFO - * Outros: 0
2025-10-30 21:38:55 - INFO - Aguardando 120s antes do próximo batch...

2025-10-30 21:40:55 - INFO - Batch 23/1358 - Processando itens 4401 a 4600 (200 itens)...
2025-10-30 21:40:55 - INFO - Iniciando busca de 'DETALHES' assíncrona para 200 AppIDs com concorrência 1...
2025-10-30 21:42:25 - INFO - Busca assíncrona concluída.
2025-10-30 21:42:25 - INFO - --- Busca concluída: ---
2025-10-30 21:42:25 - INFO - 0 sucesso(s) (0.00%),
2025-10-30 21:42:25 - INFO - 200 falha(s) (100.00%).
2025-10-30 21:42:25 - INFO - --- Detalhamento dos erros: ---
2025-10-30 21:42:25 - INFO - * HTTP: 0 (403 Forbidden: 0, 429 Too Many Requests: 0)
2025-10-30 21:42:25 - INFO - * Timeout: 0
2025-10-30 21:42:25 - INFO - * Ausentes: 200
2025-10-30 21:42:25 - INFO - * Outros: 0
2025-10-30 21:42:25 - INFO - Aguardando 120s antes do próximo batch...

2025-10-30 21:44:25 - INFO - Batch 24/1358 - Processando itens 4601 a 4800 (200 itens)...
2025-10-30 21:44:25 - INFO - Iniciando busca de 'DETALHES' assíncrona para 200 AppIDs com concorrência 1...
2025-10-30 21:45:51 - INFO - Busca assíncrona concluída.
2025-10-30 21:45:51 - INFO - --- Busca concluída: ---
2025-10-30 21:45:51 - INFO - 0 sucesso(s) (0.00%),
2025-10-30 21:45:51 - INFO - 200 falha(s) (100.00%).
2025-10-30 21:45:51 - INFO - --- Detalhamento dos erros: ---
2025-10-30 21:45:51 - INFO - * HTTP: 200 (403 Forbidden: 0, 429 Too Many Requests: 200)
2025-10-30 21:45:51 - INFO - * Timeout: 0
2025-10-30 21:45:51 - INFO - * Ausentes: 0
2025-10-30 21:45:51 - INFO - * Outros: 0
2025-10-30 21:45:51 - INFO - Aguardando 120s antes do próximo batch...

2025-10-30 21:47:51 - INFO - Batch 25/1358 - Processando itens 4801 a 5000 (200 itens)...
2025-10-30 21:47:51 - INFO - Iniciando busca de 'DETALHES' assíncrona para 200 AppIDs com concorrência 1...
2025-10-30 21:49:16 - INFO - Busca assíncrona concluída.
2025-10-30 21:49:16 - INFO - --- Busca concluída: ---
2025-10-30 21:49:16 - INFO - 0 sucesso(s) (0.00%),
2025-10-30 21:49:16 - INFO - 200 falha(s) (100.00%).
2025-10-30 21:49:16 - INFO - --- Detalhamento dos erros: ---
2025-10-30 21:49:16 - INFO - * HTTP: 0 (403 Forbidden: 0, 429 Too Many Requests: 0)
2025-10-30 21:49:16 - INFO - * Timeout: 0
2025-10-30 21:49:16 - INFO - * Ausentes: 200
2025-10-30 21:49:16 - INFO - * Outros: 0
2025-10-30 21:49:16 - INFO - Aguardando 120s antes do próximo batch...

2025-10-30 21:51:16 - INFO - Batch 26/1358 - Processando itens 5001 a 5200 (200 itens)...
2025-10-30 21:51:16 - INFO - Iniciando busca de 'DETALHES' assíncrona para 200 AppIDs com concorrência 1...
2025-10-30 21:52:39 - INFO - Busca assíncrona concluída.
2025-10-30 21:52:39 - INFO - --- Busca concluída: ---
2025-10-30 21:52:39 - INFO - 0 sucesso(s) (0.00%),
2025-10-30 21:52:39 - INFO - 200 falha(s) (100.00%).
2025-10-30 21:52:39 - INFO - --- Detalhamento dos erros: ---
2025-10-30 21:52:39 - INFO - * HTTP: 200 (403 Forbidden: 0, 429 Too Many Requests: 200)
2025-10-30 21:52:39 - INFO - * Timeout: 0
2025-10-30 21:52:39 - INFO - * Ausentes: 0
2025-10-30 21:52:39 - INFO - * Outros: 0
2025-10-30 21:52:39 - INFO - Aguardando 120s antes do próximo batch...

2025-10-30 21:54:39 - INFO - Batch 27/1358 - Processando itens 5201 a 5400 (200 itens)...
2025-10-30 21:54:39 - INFO - Iniciando busca de 'DETALHES' assíncrona para 200 AppIDs com concorrência 1...
2025-10-30 21:56:07 - INFO - Busca assíncrona concluída.
2025-10-30 21:56:07 - INFO - --- Busca concluída: ---
2025-10-30 21:56:07 - INFO - 0 sucesso(s) (0.00%),
2025-10-30 21:56:07 - INFO - 200 falha(s) (100.00%).
2025-10-30 21:56:07 - INFO - --- Detalhamento dos erros: ---
2025-10-30 21:56:07 - INFO - * HTTP: 0 (403 Forbidden: 0, 429 Too Many Requests: 0)
2025-10-30 21:56:07 - INFO - * Timeout: 0
2025-10-30 21:56:07 - INFO - * Ausentes: 200
2025-10-30 21:56:07 - INFO - * Outros: 0
2025-10-30 21:56:07 - INFO - Aguardando 120s antes do próximo batch...

2025-10-30 21:58:07 - INFO - Batch 28/1358 - Processando itens 5401 a 5600 (200 itens)...
2025-10-30 21:58:07 - INFO - Iniciando busca de 'DETALHES' assíncrona para 200 AppIDs com concorrência 1...
2025-10-30 21:59:43 - INFO - Busca assíncrona concluída.
2025-10-30 21:59:43 - INFO - --- Busca concluída: ---
2025-10-30 21:59:43 - INFO - 10 sucesso(s) (5.00%),
2025-10-30 21:59:43 - INFO - 190 falha(s) (95.00%).
2025-10-30 21:59:43 - INFO - --- Detalhamento dos erros: ---
2025-10-30 21:59:43 - INFO - * HTTP: 190 (403 Forbidden: 0, 429 Too Many Requests: 190)
2025-10-30 21:59:43 - INFO - * Timeout: 0
2025-10-30 21:59:43 - INFO - * Ausentes: 0
2025-10-30 21:59:43 - INFO - * Outros: 0
2025-10-30 21:59:43 - INFO - Aguardando 120s antes do próximo batch...

2025-10-30 22:01:43 - INFO - Batch 29/1358 - Processando itens 5601 a 5800 (200 itens)...
2025-10-30 22:01:43 - INFO - Iniciando busca de 'DETALHES' assíncrona para 200 AppIDs com concorrência 1...
2025-10-30 22:03:12 - INFO - Busca assíncrona concluída.
2025-10-30 22:03:12 - INFO - --- Busca concluída: ---
2025-10-30 22:03:12 - INFO - 92 sucesso(s) (46.00%),
2025-10-30 22:03:12 - INFO - 108 falha(s) (54.00%).
2025-10-30 22:03:12 - INFO - --- Detalhamento dos erros: ---
2025-10-30 22:03:12 - INFO - * HTTP: 10 (403 Forbidden: 0, 429 Too Many Requests: 10)
2025-10-30 22:03:12 - INFO - * Timeout: 0
2025-10-30 22:03:12 - INFO - * Ausentes: 98
2025-10-30 22:03:12 - INFO - * Outros: 0
2025-10-30 22:03:12 - INFO - Aguardando 120s antes do próximo batch...

2025-10-30 22:05:12 - INFO - Batch 30/1358 - Processando itens 5801 a 6000 (200 itens)...
2025-10-30 22:05:12 - INFO - Iniciando busca de 'DETALHES' assíncrona para 200 AppIDs com concorrência 1...
2025-10-30 22:06:40 - INFO - Busca assíncrona concluída.
2025-10-30 22:06:40 - INFO - --- Busca concluída: ---
2025-10-30 22:06:40 - INFO - 134 sucesso(s) (67.00%),
2025-10-30 22:06:40 - INFO - 66 falha(s) (33.00%).
2025-10-30 22:06:40 - INFO - --- Detalhamento dos erros: ---
2025-10-30 22:06:40 - INFO - * HTTP: 0 (403 Forbidden: 0, 429 Too Many Requests: 0)
2025-10-30 22:06:40 - INFO - * Timeout: 0
2025-10-30 22:06:40 - INFO - * Ausentes: 66
2025-10-30 22:06:40 - INFO - * Outros: 0
2025-10-30 22:06:40 - INFO - Aguardando 120s antes do próximo batch...

2025-10-30 22:08:40 - INFO - Batch 31/1358 - Processando itens 6001 a 6200 (200 itens)...
2025-10-30 22:08:40 - INFO - Iniciando busca de 'DETALHES' assíncrona para 200 AppIDs com concorrência 1...
2025-10-30 22:10:00 - INFO - Busca assíncrona concluída.
2025-10-30 22:10:00 - INFO - --- Busca concluída: ---
2025-10-30 22:10:00 - INFO - 0 sucesso(s) (0.00%),
2025-10-30 22:10:00 - INFO - 200 falha(s) (100.00%).
2025-10-30 22:10:00 - INFO - --- Detalhamento dos erros: ---
2025-10-30 22:10:00 - INFO - * HTTP: 200 (403 Forbidden: 0, 429 Too Many Requests: 200)
2025-10-30 22:10:00 - INFO - * Timeout: 0
2025-10-30 22:10:00 - INFO - * Ausentes: 0
2025-10-30 22:10:00 - INFO - * Outros: 0
2025-10-30 22:10:00 - INFO - Aguardando 120s antes do próximo batch...

2025-10-30 22:12:00 - INFO - Batch 32/1358 - Processando itens 6201 a 6400 (200 itens)...
2025-10-30 22:12:00 - INFO - Iniciando busca de 'DETALHES' assíncrona para 200 AppIDs com concorrência 1...
2025-10-30 22:13:31 - INFO - Busca assíncrona concluída.
2025-10-30 22:13:31 - INFO - --- Busca concluída: ---
2025-10-30 22:13:31 - INFO - 139 sucesso(s) (69.50%),
2025-10-30 22:13:31 - INFO - 61 falha(s) (30.50%).
2025-10-30 22:13:31 - INFO - --- Detalhamento dos erros: ---
2025-10-30 22:13:31 - INFO - * HTTP: 0 (403 Forbidden: 0, 429 Too Many Requests: 0)
2025-10-30 22:13:31 - INFO - * Timeout: 0
2025-10-30 22:13:31 - INFO - * Ausentes: 61
2025-10-30 22:13:31 - INFO - * Outros: 0
2025-10-30 22:13:31 - INFO - Aguardando 120s antes do próximo batch...

2025-10-30 22:15:31 - INFO - Batch 33/1358 - Processando itens 6401 a 6600 (200 itens)...
2025-10-30 22:15:31 - INFO - Iniciando busca de 'DETALHES' assíncrona para 200 AppIDs com concorrência 1...
2025-10-30 22:16:57 - INFO - Busca assíncrona concluída.
2025-10-30 22:16:57 - INFO - --- Busca concluída: ---
2025-10-30 22:16:57 - INFO - 0 sucesso(s) (0.00%),
2025-10-30 22:16:57 - INFO - 200 falha(s) (100.00%).
2025-10-30 22:16:57 - INFO - --- Detalhamento dos erros: ---
2025-10-30 22:16:57 - INFO - * HTTP: 200 (403 Forbidden: 0, 429 Too Many Requests: 200)
2025-10-30 22:16:57 - INFO - * Timeout: 0
2025-10-30 22:16:57 - INFO - * Ausentes: 0
2025-10-30 22:16:57 - INFO - * Outros: 0
2025-10-30 22:16:57 - INFO - Aguardando 120s antes do próximo batch...

2025-10-30 22:18:57 - INFO - Batch 34/1358 - Processando itens 6601 a 6800 (200 itens)...
2025-10-30 22:18:57 - INFO - Iniciando busca de 'DETALHES' assíncrona para 200 AppIDs com concorrência 1...
2025-10-30 22:20:25 - INFO - Busca assíncrona concluída.
2025-10-30 22:20:25 - INFO - --- Busca concluída: ---
2025-10-30 22:20:25 - INFO - 144 sucesso(s) (72.00%),
2025-10-30 22:20:25 - INFO - 56 falha(s) (28.00%).
2025-10-30 22:20:25 - INFO - --- Detalhamento dos erros: ---
2025-10-30 22:20:25 - INFO - * HTTP: 0 (403 Forbidden: 0, 429 Too Many Requests: 0)
2025-10-30 22:20:25 - INFO - * Timeout: 0
2025-10-30 22:20:25 - INFO - * Ausentes: 54
2025-10-30 22:20:25 - INFO - * Outros: 0
2025-10-30 22:20:25 - INFO - Aguardando 120s antes do próximo batch...

2025-10-30 22:22:25 - INFO - Batch 35/1358 - Processando itens 6801 a 7000 (200 itens)...
2025-10-30 22:22:25 - INFO - Iniciando busca de 'DETALHES' assíncrona para 200 AppIDs com concorrência 1...
2025-10-30 22:23:46 - INFO - Busca assíncrona concluída.
2025-10-30 22:23:46 - INFO - --- Busca concluída: ---
2025-10-30 22:23:46 - INFO - 0 sucesso(s) (0.00%),
2025-10-30 22:23:46 - INFO - 200 falha(s) (100.00%).
2025-10-30 22:23:46 - INFO - --- Detalhamento dos erros: ---
2025-10-30 22:23:46 - INFO - * HTTP: 200 (403 Forbidden: 0, 429 Too Many Requests: 200)
2025-10-30 22:23:46 - INFO - * Timeout: 0
2025-10-30 22:23:46 - INFO - * Ausentes: 0
2025-10-30 22:23:46 - INFO - * Outros: 0
2025-10-30 22:23:46 - INFO - Aguardando 120s antes do próximo batch...

2025-10-30 22:25:46 - INFO - Batch 36/1358 - Processando itens 7001 a 7200 (200 itens)...
2025-10-30 22:25:46 - INFO - Iniciando busca de 'DETALHES' assíncrona para 200 AppIDs com concorrência 1...
2025-10-30 22:27:12 - INFO - Busca assíncrona concluída.
2025-10-30 22:27:12 - INFO - --- Busca concluída: ---
2025-10-30 22:27:12 - INFO - 73 sucesso(s) (36.50%),
2025-10-30 22:27:12 - INFO - 127 falha(s) (63.50%).
2025-10-30 22:27:12 - INFO - --- Detalhamento dos erros: ---
2025-10-30 22:27:12 - INFO - * HTTP: 0 (403 Forbidden: 0, 429 Too Many Requests: 0)
2025-10-30 22:27:12 - INFO - * Timeout: 0
2025-10-30 22:27:12 - INFO - * Ausentes: 127
2025-10-30 22:27:12 - INFO - * Outros: 0
2025-10-30 22:27:12 - INFO - Aguardando 120s antes do próximo batch...

2025-10-30 22:29:12 - INFO - Batch 37/1358 - Processando itens 7201 a 7400 (200 itens)...
2025-10-30 22:29:12 - INFO - Iniciando busca de 'DETALHES' assíncrona para 200 AppIDs com concorrência 1...
2025-10-30 22:30:39 - INFO - Busca assíncrona concluída.
2025-10-30 22:30:39 - INFO - --- Busca concluída: ---
2025-10-30 22:30:39 - INFO - 0 sucesso(s) (0.00%),
2025-10-30 22:30:39 - INFO - 200 falha(s) (100.00%).
2025-10-30 22:30:39 - INFO - --- Detalhamento dos erros: ---
2025-10-30 22:30:39 - INFO - * HTTP: 200 (403 Forbidden: 0, 429 Too Many Requests: 200)
2025-10-30 22:30:39 - INFO - * Timeout: 0
2025-10-30 22:30:39 - INFO - * Ausentes: 0
2025-10-30 22:30:39 - INFO - * Outros: 0
2025-10-30 22:30:39 - INFO - Aguardando 120s antes do próximo batch...

2025-10-30 22:32:39 - INFO - Batch 38/1358 - Processando itens 7401 a 7600 (200 itens)...
2025-10-30 22:32:39 - INFO - Iniciando busca de 'DETALHES' assíncrona para 200 AppIDs com concorrência 1...
2025-10-30 22:34:08 - INFO - Busca assíncrona concluída.
2025-10-30 22:34:08 - INFO - --- Busca concluída: ---
2025-10-30 22:34:08 - INFO - 137 sucesso(s) (68.50%),
2025-10-30 22:34:08 - INFO - 63 falha(s) (31.50%).
2025-10-30 22:34:08 - INFO - --- Detalhamento dos erros: ---
2025-10-30 22:34:08 - INFO - * HTTP: 0 (403 Forbidden: 0, 429 Too Many Requests: 0)
2025-10-30 22:34:08 - INFO - * Timeout: 0
2025-10-30 22:34:08 - INFO - * Ausentes: 63
2025-10-30 22:34:08 - INFO - * Outros: 0
2025-10-30 22:34:08 - INFO - Aguardando 120s antes do próximo batch...

2025-10-30 22:36:08 - INFO - Batch 39/1358 - Processando itens 7601 a 7800 (200 itens)...
2025-10-30 22:36:08 - INFO - Iniciando busca de 'DETALHES' assíncrona para 200 AppIDs com concorrência 1...
2025-10-30 22:37:34 - INFO - Busca assíncrona concluída.
2025-10-30 22:37:34 - INFO - --- Busca concluída: ---
2025-10-30 22:37:34 - INFO - 0 sucesso(s) (0.00%),
2025-10-30 22:37:34 - INFO - 200 falha(s) (100.00%).
2025-10-30 22:37:34 - INFO - --- Detalhamento dos erros: ---
2025-10-30 22:37:34 - INFO - * HTTP: 200 (403 Forbidden: 0, 429 Too Many Requests: 200)
2025-10-30 22:37:34 - INFO - * Timeout: 0
2025-10-30 22:37:34 - INFO - * Ausentes: 0
2025-10-30 22:37:34 - INFO - * Outros: 0
2025-10-30 22:37:34 - INFO - Aguardando 120s antes do próximo batch...

2025-10-30 22:39:34 - INFO - Batch 40/1358 - Processando itens 7801 a 8000 (200 itens)...
2025-10-30 22:39:34 - INFO - Iniciando busca de 'DETALHES' assíncrona para 200 AppIDs com concorrência 1...
2025-10-30 22:41:08 - INFO - Busca assíncrona concluída.
2025-10-30 22:41:08 - INFO - --- Busca concluída: ---
2025-10-30 22:41:08 - INFO - 152 sucesso(s) (76.00%),
2025-10-30 22:41:08 - INFO - 48 falha(s) (24.00%).
2025-10-30 22:41:08 - INFO - --- Detalhamento dos erros: ---
2025-10-30 22:41:08 - INFO - * HTTP: 0 (403 Forbidden: 0, 429 Too Many Requests: 0)
2025-10-30 22:41:08 - INFO - * Timeout: 0
2025-10-30 22:41:08 - INFO - * Ausentes: 48
2025-10-30 22:41:08 - INFO - * Outros: 0
2025-10-30 22:41:08 - INFO - Aguardando 120s antes do próximo batch...

2025-10-30 22:43:08 - INFO - Batch 41/1358 - Processando itens 8001 a 8200 (200 itens)...
2025-10-30 22:43:08 - INFO - Iniciando busca de 'DETALHES' assíncrona para 200 AppIDs com concorrência 1...
2025-10-30 22:44:27 - INFO - Busca assíncrona concluída.
2025-10-30 22:44:27 - INFO - --- Busca concluída: ---
2025-10-30 22:44:27 - INFO - 0 sucesso(s) (0.00%),
2025-10-30 22:44:27 - INFO - 200 falha(s) (100.00%).
2025-10-30 22:44:27 - INFO - --- Detalhamento dos erros: ---
2025-10-30 22:44:27 - INFO - * HTTP: 200 (403 Forbidden: 0, 429 Too Many Requests: 200)
2025-10-30 22:44:27 - INFO - * Timeout: 0
2025-10-30 22:44:27 - INFO - * Ausentes: 0
2025-10-30 22:44:27 - INFO - * Outros: 0
2025-10-30 22:44:27 - INFO - Aguardando 120s antes do próximo batch...

2025-10-30 22:46:27 - INFO - Batch 42/1358 - Processando itens 8201 a 8400 (200 itens)...
2025-10-30 22:46:27 - INFO - Iniciando busca de 'DETALHES' assíncrona para 200 AppIDs com concorrência 1...
2025-10-30 22:47:54 - INFO - Busca assíncrona concluída.
2025-10-30 22:47:54 - INFO - --- Busca concluída: ---
2025-10-30 22:47:54 - INFO - 92 sucesso(s) (46.00%),
2025-10-30 22:47:54 - INFO - 108 falha(s) (54.00%).
2025-10-30 22:47:54 - INFO - --- Detalhamento dos erros: ---
2025-10-30 22:47:54 - INFO - * HTTP: 0 (403 Forbidden: 0, 429 Too Many Requests: 0)
2025-10-30 22:47:54 - INFO - * Timeout: 0
2025-10-30 22:47:54 - INFO - * Ausentes: 108
2025-10-30 22:47:54 - INFO - * Outros: 0
2025-10-30 22:47:54 - INFO - Aguardando 120s antes do próximo batch...

2025-10-30 22:49:54 - INFO - Batch 43/1358 - Processando itens 8401 a 8600 (200 itens)...
2025-10-30 22:49:54 - INFO - Iniciando busca de 'DETALHES' assíncrona para 200 AppIDs com concorrência 1...
2025-10-30 22:51:14 - INFO - Busca assíncrona concluída.
2025-10-30 22:51:14 - INFO - --- Busca concluída: ---
2025-10-30 22:51:14 - INFO - 0 sucesso(s) (0.00%),
2025-10-30 22:51:14 - INFO - 200 falha(s) (100.00%).
2025-10-30 22:51:14 - INFO - --- Detalhamento dos erros: ---
2025-10-30 22:51:14 - INFO - * HTTP: 200 (403 Forbidden: 0, 429 Too Many Requests: 200)
2025-10-30 22:51:14 - INFO - * Timeout: 0
2025-10-30 22:51:14 - INFO - * Ausentes: 0
2025-10-30 22:51:14 - INFO - * Outros: 0
2025-10-30 22:51:14 - INFO - Aguardando 120s antes do próximo batch...

2025-10-30 22:53:14 - INFO - Batch 44/1358 - Processando itens 8601 a 8800 (200 itens)...
2025-10-30 22:53:14 - INFO - Iniciando busca de 'DETALHES' assíncrona para 200 AppIDs com concorrência 1...
2025-10-30 22:54:43 - INFO - Busca assíncrona concluída.
2025-10-30 22:54:43 - INFO - --- Busca concluída: ---
2025-10-30 22:54:43 - INFO - 181 sucesso(s) (90.50%),
2025-10-30 22:54:43 - INFO - 19 falha(s) (9.50%).
2025-10-30 22:54:43 - INFO - --- Detalhamento dos erros: ---
2025-10-30 22:54:43 - INFO - * HTTP: 0 (403 Forbidden: 0, 429 Too Many Requests: 0)
2025-10-30 22:54:43 - INFO - * Timeout: 0
2025-10-30 22:54:43 - INFO - * Ausentes: 19
2025-10-30 22:54:43 - INFO - * Outros: 0
2025-10-30 22:54:43 - INFO - Aguardando 120s antes do próximo batch...

2025-10-30 22:56:43 - INFO - Batch 45/1358 - Processando itens 8801 a 9000 (200 itens)...
2025-10-30 22:56:43 - INFO - Iniciando busca de 'DETALHES' assíncrona para 200 AppIDs com concorrência 1...
2025-10-30 22:58:07 - INFO - Busca assíncrona concluída.
2025-10-30 22:58:07 - INFO - --- Busca concluída: ---
2025-10-30 22:58:07 - INFO - 0 sucesso(s) (0.00%),
2025-10-30 22:58:07 - INFO - 200 falha(s) (100.00%).
2025-10-30 22:58:07 - INFO - --- Detalhamento dos erros: ---
2025-10-30 22:58:07 - INFO - * HTTP: 200 (403 Forbidden: 0, 429 Too Many Requests: 200)
2025-10-30 22:58:07 - INFO - * Timeout: 0
2025-10-30 22:58:07 - INFO - * Ausentes: 0
2025-10-30 22:58:07 - INFO - * Outros: 0
2025-10-30 22:58:07 - INFO - Aguardando 120s antes do próximo batch...

2025-10-30 23:00:07 - INFO - Batch 46/1358 - Processando itens 9001 a 9200 (200 itens)...
2025-10-30 23:00:07 - INFO - Iniciando busca de 'DETALHES' assíncrona para 200 AppIDs com concorrência 1...
2025-10-30 23:01:38 - INFO - Busca assíncrona concluída.
2025-10-30 23:01:38 - INFO - --- Busca concluída: ---
2025-10-30 23:01:38 - INFO - 145 sucesso(s) (72.50%),
2025-10-30 23:01:38 - INFO - 55 falha(s) (27.50%).
2025-10-30 23:01:38 - INFO - --- Detalhamento dos erros: ---
2025-10-30 23:01:38 - INFO - * HTTP: 0 (403 Forbidden: 0, 429 Too Many Requests: 0)
2025-10-30 23:01:38 - INFO - * Timeout: 0
2025-10-30 23:01:38 - INFO - * Ausentes: 55
2025-10-30 23:01:38 - INFO - * Outros: 0
2025-10-30 23:01:38 - INFO - Aguardando 120s antes do próximo batch...

2025-10-30 23:03:38 - INFO - Batch 47/1358 - Processando itens 9201 a 9400 (200 itens)...
2025-10-30 23:03:38 - INFO - Iniciando busca de 'DETALHES' assíncrona para 200 AppIDs com concorrência 1...
2025-10-30 23:05:00 - INFO - Busca assíncrona concluída.
2025-10-30 23:05:00 - INFO - --- Busca concluída: ---
2025-10-30 23:05:00 - INFO - 0 sucesso(s) (0.00%),
2025-10-30 23:05:00 - INFO - 200 falha(s) (100.00%).
2025-10-30 23:05:00 - INFO - --- Detalhamento dos erros: ---
2025-10-30 23:05:00 - INFO - * HTTP: 200 (403 Forbidden: 0, 429 Too Many Requests: 200)
2025-10-30 23:05:00 - INFO - * Timeout: 0
2025-10-30 23:05:00 - INFO - * Ausentes: 0
2025-10-30 23:05:00 - INFO - * Outros: 0
2025-10-30 23:05:00 - INFO - Aguardando 120s antes do próximo batch...

2025-10-30 23:07:00 - INFO - Batch 48/1358 - Processando itens 9401 a 9600 (200 itens)...
2025-10-30 23:07:00 - INFO - Iniciando busca de 'DETALHES' assíncrona para 200 AppIDs com concorrência 1...
2025-10-30 23:08:26 - INFO - Busca assíncrona concluída.
2025-10-30 23:08:26 - INFO - --- Busca concluída: ---
2025-10-30 23:08:26 - INFO - 92 sucesso(s) (46.00%),
2025-10-30 23:08:26 - INFO - 108 falha(s) (54.00%).
2025-10-30 23:08:26 - INFO - --- Detalhamento dos erros: ---
2025-10-30 23:08:26 - INFO - * HTTP: 0 (403 Forbidden: 0, 429 Too Many Requests: 0)
2025-10-30 23:08:26 - INFO - * Timeout: 0
2025-10-30 23:08:26 - INFO - * Ausentes: 108
2025-10-30 23:08:26 - INFO - * Outros: 0
2025-10-30 23:08:26 - INFO - Aguardando 120s antes do próximo batch...

2025-10-30 23:10:26 - INFO - Batch 49/1358 - Processando itens 9601 a 9800 (200 itens)...
2025-10-30 23:10:26 - INFO - Iniciando busca de 'DETALHES' assíncrona para 200 AppIDs com concorrência 1...
2025-10-30 23:11:47 - INFO - Busca assíncrona concluída.
2025-10-30 23:11:47 - INFO - --- Busca concluída: ---
2025-10-30 23:11:47 - INFO - 0 sucesso(s) (0.00%),
2025-10-30 23:11:47 - INFO - 200 falha(s) (100.00%).
2025-10-30 23:11:47 - INFO - --- Detalhamento dos erros: ---
2025-10-30 23:11:47 - INFO - * HTTP: 200 (403 Forbidden: 0, 429 Too Many Requests: 200)
2025-10-30 23:11:47 - INFO - * Timeout: 0
2025-10-30 23:11:47 - INFO - * Ausentes: 0
2025-10-30 23:11:47 - INFO - * Outros: 0
2025-10-30 23:11:47 - INFO - Aguardando 120s antes do próximo batch...

2025-10-30 23:13:47 - INFO - Batch 50/1358 - Processando itens 9801 a 10000 (200 itens)...
2025-10-30 23:13:47 - INFO - Iniciando busca de 'DETALHES' assíncrona para 200 AppIDs com concorrência 1...
2025-10-30 23:15:18 - INFO - Busca assíncrona concluída.
2025-10-30 23:15:18 - INFO - --- Busca concluída: ---
2025-10-30 23:15:18 - INFO - 164 sucesso(s) (82.00%),
2025-10-30 23:15:18 - INFO - 36 falha(s) (18.00%).
2025-10-30 23:15:18 - INFO - --- Detalhamento dos erros: ---
2025-10-30 23:15:18 - INFO - * HTTP: 0 (403 Forbidden: 0, 429 Too Many Requests: 0)
2025-10-30 23:15:18 - INFO - * Timeout: 0
2025-10-30 23:15:18 - INFO - * Ausentes: 36
2025-10-30 23:15:18 - INFO - * Outros: 0
2025-10-30 23:15:18 - INFO - Aguardando 120s antes do próximo batch...

2025-10-30 23:17:18 - INFO - Batch 51/1358 - Processando itens 10001 a 10200 (200 itens)...
2025-10-30 23:17:18 - INFO - Iniciando busca de 'DETALHES' assíncrona para 200 AppIDs com concorrência 1...
2025-10-30 23:18:36 - INFO - Busca assíncrona concluída.
2025-10-30 23:18:36 - INFO - --- Busca concluída: ---
2025-10-30 23:18:36 - INFO - 0 sucesso(s) (0.00%),
2025-10-30 23:18:36 - INFO - 200 falha(s) (100.00%).
2025-10-30 23:18:36 - INFO - --- Detalhamento dos erros: ---
2025-10-30 23:18:36 - INFO - * HTTP: 200 (403 Forbidden: 0, 429 Too Many Requests: 200)
2025-10-30 23:18:36 - INFO - * Timeout: 0
2025-10-30 23:18:36 - INFO - * Ausentes: 0
2025-10-30 23:18:36 - INFO - * Outros: 0
2025-10-30 23:18:36 - INFO - Aguardando 120s antes do próximo batch...

2025-10-30 23:20:36 - INFO - Batch 52/1358 - Processando itens 10201 a 10400 (200 itens)...
2025-10-30 23:20:36 - INFO - Iniciando busca de 'DETALHES' assíncrona para 200 AppIDs com concorrência 1...
2025-10-30 23:21:58 - INFO - Busca assíncrona concluída.
2025-10-30 23:21:58 - INFO - --- Busca concluída: ---
2025-10-30 23:21:58 - INFO - 133 sucesso(s) (66.50%),
2025-10-30 23:21:58 - INFO - 67 falha(s) (33.50%).
2025-10-30 23:21:58 - INFO - --- Detalhamento dos erros: ---
2025-10-30 23:21:58 - INFO - * HTTP: 0 (403 Forbidden: 0, 429 Too Many Requests: 0)
2025-10-30 23:21:58 - INFO - * Timeout: 0
2025-10-30 23:21:58 - INFO - * Ausentes: 67
2025-10-30 23:21:58 - INFO - * Outros: 0
2025-10-30 23:21:58 - INFO - Aguardando 120s antes do próximo batch...

2025-10-30 23:23:58 - INFO - Batch 53/1358 - Processando itens 10401 a 10600 (200 itens)...
2025-10-30 23:23:58 - INFO - Iniciando busca de 'DETALHES' assíncrona para 200 AppIDs com concorrência 1...
2025-10-30 23:25:20 - INFO - Busca assíncrona concluída.
2025-10-30 23:25:20 - INFO - --- Busca concluída: ---
2025-10-30 23:25:20 - INFO - 0 sucesso(s) (0.00%),
2025-10-30 23:25:20 - INFO - 200 falha(s) (100.00%).
2025-10-30 23:25:20 - INFO - --- Detalhamento dos erros: ---
2025-10-30 23:25:20 - INFO - * HTTP: 200 (403 Forbidden: 0, 429 Too Many Requests: 200)
2025-10-30 23:25:20 - INFO - * Timeout: 0
2025-10-30 23:25:20 - INFO - * Ausentes: 0
2025-10-30 23:25:20 - INFO - * Outros: 0
2025-10-30 23:25:20 - INFO - Aguardando 120s antes do próximo batch...

2025-10-30 23:27:20 - INFO - Batch 54/1358 - Processando itens 10601 a 10800 (200 itens)...
2025-10-30 23:27:20 - INFO - Iniciando busca de 'DETALHES' assíncrona para 200 AppIDs com concorrência 1...
2025-10-30 23:28:46 - INFO - Busca assíncrona concluída.
2025-10-30 23:28:46 - INFO - --- Busca concluída: ---
2025-10-30 23:28:46 - INFO - 161 sucesso(s) (80.50%),
2025-10-30 23:28:46 - INFO - 39 falha(s) (19.50%).
2025-10-30 23:28:46 - INFO - --- Detalhamento dos erros: ---
2025-10-30 23:28:46 - INFO - * HTTP: 0 (403 Forbidden: 0, 429 Too Many Requests: 0)
2025-10-30 23:28:46 - INFO - * Timeout: 0
2025-10-30 23:28:46 - INFO - * Ausentes: 39
2025-10-30 23:28:46 - INFO - * Outros: 0
2025-10-30 23:28:46 - INFO - Aguardando 120s antes do próximo batch...

2025-10-30 23:30:46 - INFO - Batch 55/1358 - Processando itens 10801 a 11000 (200 itens)...
2025-10-30 23:30:46 - INFO - Iniciando busca de 'DETALHES' assíncrona para 200 AppIDs com concorrência 1...
2025-10-30 23:32:09 - INFO - Busca assíncrona concluída.
2025-10-30 23:32:09 - INFO - --- Busca concluída: ---
2025-10-30 23:32:09 - INFO - 0 sucesso(s) (0.00%),
2025-10-30 23:32:09 - INFO - 200 falha(s) (100.00%).
2025-10-30 23:32:09 - INFO - --- Detalhamento dos erros: ---
2025-10-30 23:32:09 - INFO - * HTTP: 200 (403 Forbidden: 0, 429 Too Many Requests: 200)
2025-10-30 23:32:09 - INFO - * Timeout: 0
2025-10-30 23:32:09 - INFO - * Ausentes: 0
2025-10-30 23:32:09 - INFO - * Outros: 0
2025-10-30 23:32:09 - INFO - Aguardando 120s antes do próximo batch...

2025-10-30 23:34:09 - INFO - Batch 56/1358 - Processando itens 11001 a 11200 (200 itens)...
2025-10-30 23:34:09 - INFO - Iniciando busca de 'DETALHES' assíncrona para 200 AppIDs com concorrência 1...
2025-10-30 23:35:34 - INFO - Busca assíncrona concluída.
2025-10-30 23:35:34 - INFO - --- Busca concluída: ---
2025-10-30 23:35:34 - INFO - 169 sucesso(s) (84.50%),
2025-10-30 23:35:34 - INFO - 31 falha(s) (15.50%).
2025-10-30 23:35:34 - INFO - --- Detalhamento dos erros: ---
2025-10-30 23:35:34 - INFO - * HTTP: 0 (403 Forbidden: 0, 429 Too Many Requests: 0)
2025-10-30 23:35:34 - INFO - * Timeout: 0
2025-10-30 23:35:34 - INFO - * Ausentes: 31
2025-10-30 23:35:34 - INFO - * Outros: 0
2025-10-30 23:35:34 - INFO - Aguardando 120s antes do próximo batch...

2025-10-30 23:37:34 - INFO - Batch 57/1358 - Processando itens 11201 a 11400 (200 itens)...
2025-10-30 23:37:34 - INFO - Iniciando busca de 'DETALHES' assíncrona para 200 AppIDs com concorrência 1...
2025-10-30 23:38:56 - INFO - Busca assíncrona concluída.
2025-10-30 23:38:56 - INFO - --- Busca concluída: ---
2025-10-30 23:38:56 - INFO - 0 sucesso(s) (0.00%),
2025-10-30 23:38:56 - INFO - 200 falha(s) (100.00%).
2025-10-30 23:38:56 - INFO - --- Detalhamento dos erros: ---
2025-10-30 23:38:56 - INFO - * HTTP: 200 (403 Forbidden: 0, 429 Too Many Requests: 200)
2025-10-30 23:38:56 - INFO - * Timeout: 0
2025-10-30 23:38:56 - INFO - * Ausentes: 0
2025-10-30 23:38:56 - INFO - * Outros: 0
2025-10-30 23:38:56 - INFO - Aguardando 120s antes do próximo batch...

2025-10-30 23:40:56 - INFO - Batch 58/1358 - Processando itens 11401 a 11600 (200 itens)...
2025-10-30 23:40:56 - INFO - Iniciando busca de 'DETALHES' assíncrona para 200 AppIDs com concorrência 1...
2025-10-30 23:42:26 - INFO - Busca assíncrona concluída.
2025-10-30 23:42:26 - INFO - --- Busca concluída: ---
2025-10-30 23:42:26 - INFO - 169 sucesso(s) (84.50%),
2025-10-30 23:42:26 - INFO - 31 falha(s) (15.50%).
2025-10-30 23:42:26 - INFO - --- Detalhamento dos erros: ---
2025-10-30 23:42:26 - INFO - * HTTP: 0 (403 Forbidden: 0, 429 Too Many Requests: 0)
2025-10-30 23:42:26 - INFO - * Timeout: 0
2025-10-30 23:42:26 - INFO - * Ausentes: 31
2025-10-30 23:42:26 - INFO - * Outros: 0
2025-10-30 23:42:26 - INFO - Aguardando 120s antes do próximo batch...

2025-10-30 23:44:26 - INFO - Batch 59/1358 - Processando itens 11601 a 11800 (200 itens)...
2025-10-30 23:44:26 - INFO - Iniciando busca de 'DETALHES' assíncrona para 200 AppIDs com concorrência 1...
2025-10-30 23:45:51 - INFO - Busca assíncrona concluída.
2025-10-30 23:45:51 - INFO - --- Busca concluída: ---
2025-10-30 23:45:51 - INFO - 0 sucesso(s) (0.00%),
2025-10-30 23:45:51 - INFO - 200 falha(s) (100.00%).
2025-10-30 23:45:51 - INFO - --- Detalhamento dos erros: ---
2025-10-30 23:45:51 - INFO - * HTTP: 200 (403 Forbidden: 0, 429 Too Many Requests: 200)
2025-10-30 23:45:51 - INFO - * Timeout: 0
2025-10-30 23:45:51 - INFO - * Ausentes: 0
2025-10-30 23:45:51 - INFO - * Outros: 0
2025-10-30 23:45:51 - INFO - Aguardando 120s antes do próximo batch...

2025-10-30 23:47:51 - INFO - Batch 60/1358 - Processando itens 11801 a 12000 (200 itens)...
2025-10-30 23:47:51 - INFO - Iniciando busca de 'DETALHES' assíncrona para 200 AppIDs com concorrência 1...
2025-10-30 23:49:25 - INFO - Busca assíncrona concluída.
2025-10-30 23:49:25 - INFO - --- Busca concluída: ---
2025-10-30 23:49:25 - INFO - 160 sucesso(s) (80.00%),
2025-10-30 23:49:25 - INFO - 40 falha(s) (20.00%).
2025-10-30 23:49:25 - INFO - --- Detalhamento dos erros: ---
2025-10-30 23:49:25 - INFO - * HTTP: 0 (403 Forbidden: 0, 429 Too Many Requests: 0)
2025-10-30 23:49:25 - INFO - * Timeout: 0
2025-10-30 23:49:25 - INFO - * Ausentes: 40
2025-10-30 23:49:25 - INFO - * Outros: 0
2025-10-30 23:49:25 - INFO - Aguardando 120s antes do próximo batch...

2025-10-30 23:51:25 - INFO - Batch 61/1358 - Processando itens 12001 a 12200 (200 itens)...
2025-10-30 23:51:25 - INFO - Iniciando busca de 'DETALHES' assíncrona para 200 AppIDs com concorrência 1...
2025-10-30 23:52:45 - INFO - Busca assíncrona concluída.
2025-10-30 23:52:45 - INFO - --- Busca concluída: ---
2025-10-30 23:52:45 - INFO - 0 sucesso(s) (0.00%),
2025-10-30 23:52:45 - INFO - 200 falha(s) (100.00%).
2025-10-30 23:52:45 - INFO - --- Detalhamento dos erros: ---
2025-10-30 23:52:45 - INFO - * HTTP: 200 (403 Forbidden: 0, 429 Too Many Requests: 200)
2025-10-30 23:52:45 - INFO - * Timeout: 0
2025-10-30 23:52:45 - INFO - * Ausentes: 0
2025-10-30 23:52:45 - INFO - * Outros: 0
2025-10-30 23:52:45 - INFO - Aguardando 120s antes do próximo batch...

2025-10-30 23:54:45 - INFO - Batch 62/1358 - Processando itens 12201 a 12400 (200 itens)...
2025-10-30 23:54:45 - INFO - Iniciando busca de 'DETALHES' assíncrona para 200 AppIDs com concorrência 1...
2025-10-30 23:56:11 - INFO - Busca assíncrona concluída.
2025-10-30 23:56:11 - INFO - --- Busca concluída: ---
2025-10-30 23:56:11 - INFO - 142 sucesso(s) (71.00%),
2025-10-30 23:56:11 - INFO - 58 falha(s) (29.00%).
2025-10-30 23:56:11 - INFO - --- Detalhamento dos erros: ---
2025-10-30 23:56:11 - INFO - * HTTP: 0 (403 Forbidden: 0, 429 Too Many Requests: 0)
2025-10-30 23:56:11 - INFO - * Timeout: 0
2025-10-30 23:56:11 - INFO - * Ausentes: 58
2025-10-30 23:56:11 - INFO - * Outros: 0
2025-10-30 23:56:11 - INFO - Aguardando 120s antes do próximo batch...

2025-10-30 23:58:11 - INFO - Batch 63/1358 - Processando itens 12401 a 12600 (200 itens)...
2025-10-30 23:58:11 - INFO - Iniciando busca de 'DETALHES' assíncrona para 200 AppIDs com concorrência 1...
2025-10-30 23:59:28 - INFO - Busca assíncrona concluída.
2025-10-30 23:59:28 - INFO - --- Busca concluída: ---
2025-10-30 23:59:28 - INFO - 0 sucesso(s) (0.00%),
2025-10-30 23:59:28 - INFO - 200 falha(s) (100.00%).
2025-10-30 23:59:28 - INFO - --- Detalhamento dos erros: ---
2025-10-30 23:59:28 - INFO - * HTTP: 200 (403 Forbidden: 0, 429 Too Many Requests: 200)
2025-10-30 23:59:28 - INFO - * Timeout: 0
2025-10-30 23:59:28 - INFO - * Ausentes: 0
2025-10-30 23:59:28 - INFO - * Outros: 0
2025-10-30 23:59:28 - INFO - Aguardando 120s antes do próximo batch...

2025-10-31 00:01:28 - INFO - Batch 64/1358 - Processando itens 12601 a 12800 (200 itens)...
2025-10-31 00:01:28 - INFO - Iniciando busca de 'DETALHES' assíncrona para 200 AppIDs com concorrência 1...
2025-10-31 00:02:51 - INFO - Busca assíncrona concluída.
2025-10-31 00:02:51 - INFO - --- Busca concluída: ---
2025-10-31 00:02:51 - INFO - 169 sucesso(s) (84.50%),
2025-10-31 00:02:51 - INFO - 31 falha(s) (15.50%).
2025-10-31 00:02:51 - INFO - --- Detalhamento dos erros: ---
2025-10-31 00:02:51 - INFO - * HTTP: 0 (403 Forbidden: 0, 429 Too Many Requests: 0)
2025-10-31 00:02:51 - INFO - * Timeout: 0
2025-10-31 00:02:51 - INFO - * Ausentes: 31
2025-10-31 00:02:51 - INFO - * Outros: 0
2025-10-31 00:02:51 - INFO - Aguardando 120s antes do próximo batch...

2025-10-31 00:04:51 - INFO - Batch 65/1358 - Processando itens 12801 a 13000 (200 itens)...
2025-10-31 00:04:51 - INFO - Iniciando busca de 'DETALHES' assíncrona para 200 AppIDs com concorrência 1...
2025-10-31 00:06:10 - INFO - Busca assíncrona concluída.
2025-10-31 00:06:10 - INFO - --- Busca concluída: ---
2025-10-31 00:06:10 - INFO - 0 sucesso(s) (0.00%),
2025-10-31 00:06:10 - INFO - 200 falha(s) (100.00%).
2025-10-31 00:06:10 - INFO - --- Detalhamento dos erros: ---
2025-10-31 00:06:10 - INFO - * HTTP: 200 (403 Forbidden: 0, 429 Too Many Requests: 200)
2025-10-31 00:06:10 - INFO - * Timeout: 0
2025-10-31 00:06:10 - INFO - * Ausentes: 0
2025-10-31 00:06:10 - INFO - * Outros: 0
2025-10-31 00:06:10 - INFO - Aguardando 120s antes do próximo batch...

2025-10-31 00:08:10 - INFO - Batch 66/1358 - Processando itens 13001 a 13200 (200 itens)...
2025-10-31 00:08:10 - INFO - Iniciando busca de 'DETALHES' assíncrona para 200 AppIDs com concorrência 1...
2025-10-31 00:09:32 - INFO - Busca assíncrona concluída.
2025-10-31 00:09:32 - INFO - --- Busca concluída: ---
2025-10-31 00:09:32 - INFO - 150 sucesso(s) (75.00%),
2025-10-31 00:09:32 - INFO - 50 falha(s) (25.00%).
2025-10-31 00:09:32 - INFO - --- Detalhamento dos erros: ---
2025-10-31 00:09:32 - INFO - * HTTP: 0 (403 Forbidden: 0, 429 Too Many Requests: 0)
2025-10-31 00:09:32 - INFO - * Timeout: 0
2025-10-31 00:09:32 - INFO - * Ausentes: 50
2025-10-31 00:09:32 - INFO - * Outros: 0
2025-10-31 00:09:32 - INFO - Aguardando 120s antes do próximo batch...

2025-10-31 00:11:32 - INFO - Batch 67/1358 - Processando itens 13201 a 13400 (200 itens)...
2025-10-31 00:11:32 - INFO - Iniciando busca de 'DETALHES' assíncrona para 200 AppIDs com concorrência 1...
2025-10-31 00:12:54 - INFO - Busca assíncrona concluída.
2025-10-31 00:12:54 - INFO - --- Busca concluída: ---
2025-10-31 00:12:54 - INFO - 0 sucesso(s) (0.00%),
2025-10-31 00:12:54 - INFO - 200 falha(s) (100.00%).
2025-10-31 00:12:54 - INFO - --- Detalhamento dos erros: ---
2025-10-31 00:12:54 - INFO - * HTTP: 200 (403 Forbidden: 0, 429 Too Many Requests: 200)
2025-10-31 00:12:54 - INFO - * Timeout: 0
2025-10-31 00:12:54 - INFO - * Ausentes: 0
2025-10-31 00:12:54 - INFO - * Outros: 0
2025-10-31 00:12:54 - INFO - Aguardando 120s antes do próximo batch...

2025-10-31 00:14:54 - INFO - Batch 68/1358 - Processando itens 13401 a 13600 (200 itens)...
2025-10-31 00:14:54 - INFO - Iniciando busca de 'DETALHES' assíncrona para 200 AppIDs com concorrência 1...
2025-10-31 00:16:18 - INFO - Busca assíncrona concluída.
2025-10-31 00:16:18 - INFO - --- Busca concluída: ---
2025-10-31 00:16:18 - INFO - 157 sucesso(s) (78.50%),
2025-10-31 00:16:18 - INFO - 43 falha(s) (21.50%).
2025-10-31 00:16:18 - INFO - --- Detalhamento dos erros: ---
2025-10-31 00:16:18 - INFO - * HTTP: 0 (403 Forbidden: 0, 429 Too Many Requests: 0)
2025-10-31 00:16:18 - INFO - * Timeout: 0
2025-10-31 00:16:18 - INFO - * Ausentes: 43
2025-10-31 00:16:18 - INFO - * Outros: 0
2025-10-31 00:16:18 - INFO - Aguardando 120s antes do próximo batch...

2025-10-31 00:18:18 - INFO - Batch 69/1358 - Processando itens 13601 a 13800 (200 itens)...
2025-10-31 00:18:18 - INFO - Iniciando busca de 'DETALHES' assíncrona para 200 AppIDs com concorrência 1...
2025-10-31 00:19:43 - INFO - Busca assíncrona concluída.
2025-10-31 00:19:43 - INFO - --- Busca concluída: ---
2025-10-31 00:19:43 - INFO - 0 sucesso(s) (0.00%),
2025-10-31 00:19:43 - INFO - 200 falha(s) (100.00%).
2025-10-31 00:19:43 - INFO - --- Detalhamento dos erros: ---
2025-10-31 00:19:43 - INFO - * HTTP: 200 (403 Forbidden: 0, 429 Too Many Requests: 200)
2025-10-31 00:19:43 - INFO - * Timeout: 0
2025-10-31 00:19:43 - INFO - * Ausentes: 0
2025-10-31 00:19:43 - INFO - * Outros: 0
2025-10-31 00:19:43 - INFO - Aguardando 120s antes do próximo batch...

2025-10-31 00:21:43 - INFO - Batch 70/1358 - Processando itens 13801 a 14000 (200 itens)...
2025-10-31 00:21:43 - INFO - Iniciando busca de 'DETALHES' assíncrona para 200 AppIDs com concorrência 1...
2025-10-31 00:23:08 - INFO - Busca assíncrona concluída.
2025-10-31 00:23:08 - INFO - --- Busca concluída: ---
2025-10-31 00:23:08 - INFO - 175 sucesso(s) (87.50%),
2025-10-31 00:23:08 - INFO - 25 falha(s) (12.50%).
2025-10-31 00:23:08 - INFO - --- Detalhamento dos erros: ---
2025-10-31 00:23:08 - INFO - * HTTP: 0 (403 Forbidden: 0, 429 Too Many Requests: 0)
2025-10-31 00:23:08 - INFO - * Timeout: 0
2025-10-31 00:23:08 - INFO - * Ausentes: 25
2025-10-31 00:23:08 - INFO - * Outros: 0
2025-10-31 00:23:08 - INFO - Aguardando 120s antes do próximo batch...

2025-10-31 00:25:08 - INFO - Batch 71/1358 - Processando itens 14001 a 14200 (200 itens)...
2025-10-31 00:25:08 - INFO - Iniciando busca de 'DETALHES' assíncrona para 200 AppIDs com concorrência 1...
2025-10-31 00:26:21 - INFO - Busca assíncrona concluída.
2025-10-31 00:26:21 - INFO - --- Busca concluída: ---
2025-10-31 00:26:21 - INFO - 0 sucesso(s) (0.00%),
2025-10-31 00:26:21 - INFO - 200 falha(s) (100.00%).
2025-10-31 00:26:21 - INFO - --- Detalhamento dos erros: ---
2025-10-31 00:26:21 - INFO - * HTTP: 200 (403 Forbidden: 0, 429 Too Many Requests: 200)
2025-10-31 00:26:21 - INFO - * Timeout: 0
2025-10-31 00:26:21 - INFO - * Ausentes: 0
2025-10-31 00:26:21 - INFO - * Outros: 0
2025-10-31 00:26:21 - INFO - Aguardando 120s antes do próximo batch...

2025-10-31 00:28:21 - INFO - Batch 72/1358 - Processando itens 14201 a 14400 (200 itens)...
2025-10-31 00:28:21 - INFO - Iniciando busca de 'DETALHES' assíncrona para 200 AppIDs com concorrência 1...
2025-10-31 00:29:46 - INFO - Busca assíncrona concluída.
2025-10-31 00:29:46 - INFO - --- Busca concluída: ---
2025-10-31 00:29:46 - INFO - 152 sucesso(s) (76.00%),
2025-10-31 00:29:46 - INFO - 48 falha(s) (24.00%).
2025-10-31 00:29:46 - INFO - --- Detalhamento dos erros: ---
2025-10-31 00:29:46 - INFO - * HTTP: 0 (403 Forbidden: 0, 429 Too Many Requests: 0)
2025-10-31 00:29:46 - INFO - * Timeout: 0
2025-10-31 00:29:46 - INFO - * Ausentes: 48
2025-10-31 00:29:46 - INFO - * Outros: 0
2025-10-31 00:29:46 - INFO - Aguardando 120s antes do próximo batch...

2025-10-31 00:31:46 - INFO - Batch 73/1358 - Processando itens 14401 a 14600 (200 itens)...
2025-10-31 00:31:46 - INFO - Iniciando busca de 'DETALHES' assíncrona para 200 AppIDs com concorrência 1...
2025-10-31 00:33:01 - INFO - Busca assíncrona concluída.
2025-10-31 00:33:01 - INFO - --- Busca concluída: ---
2025-10-31 00:33:01 - INFO - 0 sucesso(s) (0.00%),
2025-10-31 00:33:01 - INFO - 200 falha(s) (100.00%).
2025-10-31 00:33:01 - INFO - --- Detalhamento dos erros: ---
2025-10-31 00:33:01 - INFO - * HTTP: 200 (403 Forbidden: 0, 429 Too Many Requests: 200)
2025-10-31 00:33:01 - INFO - * Timeout: 0
2025-10-31 00:33:01 - INFO - * Ausentes: 0
2025-10-31 00:33:01 - INFO - * Outros: 0
2025-10-31 00:33:01 - INFO - Aguardando 120s antes do próximo batch...

2025-10-31 00:35:01 - INFO - Batch 74/1358 - Processando itens 14601 a 14800 (200 itens)...
2025-10-31 00:35:01 - INFO - Iniciando busca de 'DETALHES' assíncrona para 200 AppIDs com concorrência 1...
2025-10-31 00:36:30 - INFO - Busca assíncrona concluída.
2025-10-31 00:36:30 - INFO - --- Busca concluída: ---
2025-10-31 00:36:30 - INFO - 172 sucesso(s) (86.00%),
2025-10-31 00:36:30 - INFO - 28 falha(s) (14.00%).
2025-10-31 00:36:30 - INFO - --- Detalhamento dos erros: ---
2025-10-31 00:36:30 - INFO - * HTTP: 0 (403 Forbidden: 0, 429 Too Many Requests: 0)
2025-10-31 00:36:30 - INFO - * Timeout: 0
2025-10-31 00:36:30 - INFO - * Ausentes: 28
2025-10-31 00:36:30 - INFO - * Outros: 0
2025-10-31 00:36:30 - INFO - Aguardando 120s antes do próximo batch...

2025-10-31 00:38:30 - INFO - Batch 75/1358 - Processando itens 14801 a 15000 (200 itens)...
2025-10-31 00:38:30 - INFO - Iniciando busca de 'DETALHES' assíncrona para 200 AppIDs com concorrência 1...
2025-10-31 00:39:51 - INFO - Busca assíncrona concluída.
2025-10-31 00:39:51 - INFO - --- Busca concluída: ---
2025-10-31 00:39:51 - INFO - 0 sucesso(s) (0.00%),
2025-10-31 00:39:51 - INFO - 200 falha(s) (100.00%).
2025-10-31 00:39:51 - INFO - --- Detalhamento dos erros: ---
2025-10-31 00:39:51 - INFO - * HTTP: 200 (403 Forbidden: 0, 429 Too Many Requests: 200)
2025-10-31 00:39:51 - INFO - * Timeout: 0
2025-10-31 00:39:51 - INFO - * Ausentes: 0
2025-10-31 00:39:51 - INFO - * Outros: 0
2025-10-31 00:39:51 - INFO - Aguardando 120s antes do próximo batch...

2025-10-31 00:41:51 - INFO - Batch 76/1358 - Processando itens 15001 a 15200 (200 itens)...
2025-10-31 00:41:51 - INFO - Iniciando busca de 'DETALHES' assíncrona para 200 AppIDs com concorrência 1...
2025-10-31 00:43:12 - INFO - Busca assíncrona concluída.
2025-10-31 00:43:12 - INFO - --- Busca concluída: ---
2025-10-31 00:43:12 - INFO - 172 sucesso(s) (86.00%),
2025-10-31 00:43:12 - INFO - 28 falha(s) (14.00%).
2025-10-31 00:43:12 - INFO - --- Detalhamento dos erros: ---
2025-10-31 00:43:12 - INFO - * HTTP: 0 (403 Forbidden: 0, 429 Too Many Requests: 0)
2025-10-31 00:43:12 - INFO - * Timeout: 0
2025-10-31 00:43:12 - INFO - * Ausentes: 28
2025-10-31 00:43:12 - INFO - * Outros: 0
2025-10-31 00:43:12 - INFO - Aguardando 120s antes do próximo batch...

2025-10-31 00:45:12 - INFO - Batch 77/1358 - Processando itens 15201 a 15400 (200 itens)...
2025-10-31 00:45:12 - INFO - Iniciando busca de 'DETALHES' assíncrona para 200 AppIDs com concorrência 1...
2025-10-31 00:46:25 - INFO - Busca assíncrona concluída.
2025-10-31 00:46:25 - INFO - --- Busca concluída: ---
2025-10-31 00:46:25 - INFO - 0 sucesso(s) (0.00%),
2025-10-31 00:46:25 - INFO - 200 falha(s) (100.00%).
2025-10-31 00:46:25 - INFO - --- Detalhamento dos erros: ---
2025-10-31 00:46:25 - INFO - * HTTP: 200 (403 Forbidden: 0, 429 Too Many Requests: 200)
2025-10-31 00:46:25 - INFO - * Timeout: 0
2025-10-31 00:46:25 - INFO - * Ausentes: 0
2025-10-31 00:46:25 - INFO - * Outros: 0
2025-10-31 00:46:25 - INFO - Aguardando 120s antes do próximo batch...

2025-10-31 00:48:25 - INFO - Batch 78/1358 - Processando itens 15401 a 15600 (200 itens)...
2025-10-31 00:48:25 - INFO - Iniciando busca de 'DETALHES' assíncrona para 200 AppIDs com concorrência 1...
2025-10-31 00:49:46 - INFO - Busca assíncrona concluída.
2025-10-31 00:49:46 - INFO - --- Busca concluída: ---
2025-10-31 00:49:46 - INFO - 185 sucesso(s) (92.50%),
2025-10-31 00:49:46 - INFO - 15 falha(s) (7.50%).
2025-10-31 00:49:46 - INFO - --- Detalhamento dos erros: ---
2025-10-31 00:49:46 - INFO - * HTTP: 0 (403 Forbidden: 0, 429 Too Many Requests: 0)
2025-10-31 00:49:46 - INFO - * Timeout: 0
2025-10-31 00:49:46 - INFO - * Ausentes: 15
2025-10-31 00:49:46 - INFO - * Outros: 0
2025-10-31 00:49:46 - INFO - Aguardando 120s antes do próximo batch...

2025-10-31 00:51:46 - INFO - Batch 79/1358 - Processando itens 15601 a 15800 (200 itens)...
2025-10-31 00:51:46 - INFO - Iniciando busca de 'DETALHES' assíncrona para 200 AppIDs com concorrência 1...
2025-10-31 00:53:02 - INFO - Busca assíncrona concluída.
2025-10-31 00:53:02 - INFO - --- Busca concluída: ---
2025-10-31 00:53:02 - INFO - 0 sucesso(s) (0.00%),
2025-10-31 00:53:02 - INFO - 200 falha(s) (100.00%).
2025-10-31 00:53:02 - INFO - --- Detalhamento dos erros: ---
2025-10-31 00:53:02 - INFO - * HTTP: 200 (403 Forbidden: 0, 429 Too Many Requests: 200)
2025-10-31 00:53:02 - INFO - * Timeout: 0
2025-10-31 00:53:02 - INFO - * Ausentes: 0
2025-10-31 00:53:02 - INFO - * Outros: 0
2025-10-31 00:53:02 - INFO - Aguardando 120s antes do próximo batch...

2025-10-31 00:55:02 - INFO - Batch 80/1358 - Processando itens 15801 a 16000 (200 itens)...
2025-10-31 00:55:02 - INFO - Iniciando busca de 'DETALHES' assíncrona para 200 AppIDs com concorrência 1...
2025-10-31 00:56:25 - INFO - Busca assíncrona concluída.
2025-10-31 00:56:25 - INFO - --- Busca concluída: ---
2025-10-31 00:56:25 - INFO - 175 sucesso(s) (87.50%),
2025-10-31 00:56:25 - INFO - 25 falha(s) (12.50%).
2025-10-31 00:56:25 - INFO - --- Detalhamento dos erros: ---
2025-10-31 00:56:25 - INFO - * HTTP: 0 (403 Forbidden: 0, 429 Too Many Requests: 0)
2025-10-31 00:56:25 - INFO - * Timeout: 0
2025-10-31 00:56:25 - INFO - * Ausentes: 25
2025-10-31 00:56:25 - INFO - * Outros: 0
2025-10-31 00:56:25 - INFO - Aguardando 120s antes do próximo batch...

2025-10-31 00:58:25 - INFO - Batch 81/1358 - Processando itens 16001 a 16200 (200 itens)...
2025-10-31 00:58:25 - INFO - Iniciando busca de 'DETALHES' assíncrona para 200 AppIDs com concorrência 1...
2025-10-31 00:59:37 - INFO - Busca assíncrona concluída.
2025-10-31 00:59:37 - INFO - --- Busca concluída: ---
2025-10-31 00:59:37 - INFO - 0 sucesso(s) (0.00%),
2025-10-31 00:59:37 - INFO - 200 falha(s) (100.00%).
2025-10-31 00:59:37 - INFO - --- Detalhamento dos erros: ---
2025-10-31 00:59:37 - INFO - * HTTP: 200 (403 Forbidden: 0, 429 Too Many Requests: 200)
2025-10-31 00:59:37 - INFO - * Timeout: 0
2025-10-31 00:59:37 - INFO - * Ausentes: 0
2025-10-31 00:59:37 - INFO - * Outros: 0
2025-10-31 00:59:37 - INFO - Aguardando 120s antes do próximo batch...

2025-10-31 01:01:37 - INFO - Batch 82/1358 - Processando itens 16201 a 16400 (200 itens)...
2025-10-31 01:01:37 - INFO - Iniciando busca de 'DETALHES' assíncrona para 200 AppIDs com concorrência 1...
2025-10-31 01:03:04 - INFO - Busca assíncrona concluída.
2025-10-31 01:03:04 - INFO - --- Busca concluída: ---
2025-10-31 01:03:04 - INFO - 167 sucesso(s) (83.50%),
2025-10-31 01:03:04 - INFO - 33 falha(s) (16.50%).
2025-10-31 01:03:04 - INFO - --- Detalhamento dos erros: ---
2025-10-31 01:03:04 - INFO - * HTTP: 0 (403 Forbidden: 0, 429 Too Many Requests: 0)
2025-10-31 01:03:04 - INFO - * Timeout: 0
2025-10-31 01:03:04 - INFO - * Ausentes: 33
2025-10-31 01:03:04 - INFO - * Outros: 0
2025-10-31 01:03:04 - INFO - Aguardando 120s antes do próximo batch...

2025-10-31 01:05:04 - INFO - Batch 83/1358 - Processando itens 16401 a 16600 (200 itens)...
2025-10-31 01:05:04 - INFO - Iniciando busca de 'DETALHES' assíncrona para 200 AppIDs com concorrência 1...
2025-10-31 01:06:24 - INFO - Busca assíncrona concluída.
2025-10-31 01:06:24 - INFO - --- Busca concluída: ---
2025-10-31 01:06:24 - INFO - 0 sucesso(s) (0.00%),
2025-10-31 01:06:24 - INFO - 200 falha(s) (100.00%).
2025-10-31 01:06:24 - INFO - --- Detalhamento dos erros: ---
2025-10-31 01:06:24 - INFO - * HTTP: 200 (403 Forbidden: 0, 429 Too Many Requests: 200)
2025-10-31 01:06:24 - INFO - * Timeout: 0
2025-10-31 01:06:24 - INFO - * Ausentes: 0
2025-10-31 01:06:24 - INFO - * Outros: 0
2025-10-31 01:06:24 - INFO - Aguardando 120s antes do próximo batch...

2025-10-31 01:08:24 - INFO - Batch 84/1358 - Processando itens 16601 a 16800 (200 itens)...
2025-10-31 01:08:24 - INFO - Iniciando busca de 'DETALHES' assíncrona para 200 AppIDs com concorrência 1...
2025-10-31 01:09:52 - INFO - Busca assíncrona concluída.
2025-10-31 01:09:52 - INFO - --- Busca concluída: ---
2025-10-31 01:09:52 - INFO - 132 sucesso(s) (66.00%),
2025-10-31 01:09:52 - INFO - 68 falha(s) (34.00%).
2025-10-31 01:09:52 - INFO - --- Detalhamento dos erros: ---
2025-10-31 01:09:52 - INFO - * HTTP: 0 (403 Forbidden: 0, 429 Too Many Requests: 0)
2025-10-31 01:09:52 - INFO - * Timeout: 0
2025-10-31 01:09:52 - INFO - * Ausentes: 68
2025-10-31 01:09:52 - INFO - * Outros: 0
2025-10-31 01:09:52 - INFO - Aguardando 120s antes do próximo batch...

2025-10-31 01:11:52 - INFO - Batch 85/1358 - Processando itens 16801 a 17000 (200 itens)...
2025-10-31 01:11:52 - INFO - Iniciando busca de 'DETALHES' assíncrona para 200 AppIDs com concorrência 1...
2025-10-31 01:13:11 - INFO - Busca assíncrona concluída.
2025-10-31 01:13:11 - INFO - --- Busca concluída: ---
2025-10-31 01:13:11 - INFO - 0 sucesso(s) (0.00%),
2025-10-31 01:13:11 - INFO - 200 falha(s) (100.00%).
2025-10-31 01:13:11 - INFO - --- Detalhamento dos erros: ---
2025-10-31 01:13:11 - INFO - * HTTP: 200 (403 Forbidden: 0, 429 Too Many Requests: 200)
2025-10-31 01:13:11 - INFO - * Timeout: 0
2025-10-31 01:13:11 - INFO - * Ausentes: 0
2025-10-31 01:13:11 - INFO - * Outros: 0
2025-10-31 01:13:11 - INFO - Aguardando 120s antes do próximo batch...

2025-10-31 01:15:11 - INFO - Batch 86/1358 - Processando itens 17001 a 17200 (200 itens)...
2025-10-31 01:15:11 - INFO - Iniciando busca de 'DETALHES' assíncrona para 200 AppIDs com concorrência 1...
2025-10-31 01:16:33 - INFO - Busca assíncrona concluída.
2025-10-31 01:16:33 - INFO - --- Busca concluída: ---
2025-10-31 01:16:33 - INFO - 175 sucesso(s) (87.50%),
2025-10-31 01:16:33 - INFO - 25 falha(s) (12.50%).
2025-10-31 01:16:33 - INFO - --- Detalhamento dos erros: ---
2025-10-31 01:16:33 - INFO - * HTTP: 0 (403 Forbidden: 0, 429 Too Many Requests: 0)
2025-10-31 01:16:33 - INFO - * Timeout: 0
2025-10-31 01:16:33 - INFO - * Ausentes: 25
2025-10-31 01:16:33 - INFO - * Outros: 0
2025-10-31 01:16:33 - INFO - Aguardando 120s antes do próximo batch...

2025-10-31 01:18:33 - INFO - Batch 87/1358 - Processando itens 17201 a 17400 (200 itens)...
2025-10-31 01:18:33 - INFO - Iniciando busca de 'DETALHES' assíncrona para 200 AppIDs com concorrência 1...
2025-10-31 01:19:54 - INFO - Busca assíncrona concluída.
2025-10-31 01:19:54 - INFO - --- Busca concluída: ---
2025-10-31 01:19:54 - INFO - 0 sucesso(s) (0.00%),
2025-10-31 01:19:54 - INFO - 200 falha(s) (100.00%).
2025-10-31 01:19:54 - INFO - --- Detalhamento dos erros: ---
2025-10-31 01:19:54 - INFO - * HTTP: 200 (403 Forbidden: 0, 429 Too Many Requests: 200)
2025-10-31 01:19:54 - INFO - * Timeout: 0
2025-10-31 01:19:54 - INFO - * Ausentes: 0
2025-10-31 01:19:54 - INFO - * Outros: 0
2025-10-31 01:19:54 - INFO - Aguardando 120s antes do próximo batch...

2025-10-31 01:21:54 - INFO - Batch 88/1358 - Processando itens 17401 a 17600 (200 itens)...
2025-10-31 01:21:54 - INFO - Iniciando busca de 'DETALHES' assíncrona para 200 AppIDs com concorrência 1...
2025-10-31 01:23:16 - INFO - Busca assíncrona concluída.
2025-10-31 01:23:16 - INFO - --- Busca concluída: ---
2025-10-31 01:23:16 - INFO - 169 sucesso(s) (84.50%),
2025-10-31 01:23:16 - INFO - 31 falha(s) (15.50%).
2025-10-31 01:23:16 - INFO - --- Detalhamento dos erros: ---
2025-10-31 01:23:16 - INFO - * HTTP: 0 (403 Forbidden: 0, 429 Too Many Requests: 0)
2025-10-31 01:23:16 - INFO - * Timeout: 0
2025-10-31 01:23:16 - INFO - * Ausentes: 31
2025-10-31 01:23:16 - INFO - * Outros: 0
2025-10-31 01:23:16 - INFO - Aguardando 120s antes do próximo batch...

2025-10-31 01:25:16 - INFO - Batch 89/1358 - Processando itens 17601 a 17800 (200 itens)...
2025-10-31 01:25:16 - INFO - Iniciando busca de 'DETALHES' assíncrona para 200 AppIDs com concorrência 1...
2025-10-31 01:26:35 - INFO - Busca assíncrona concluída.
2025-10-31 01:26:35 - INFO - --- Busca concluída: ---
2025-10-31 01:26:35 - INFO - 0 sucesso(s) (0.00%),
2025-10-31 01:26:35 - INFO - 200 falha(s) (100.00%).
2025-10-31 01:26:35 - INFO - --- Detalhamento dos erros: ---
2025-10-31 01:26:35 - INFO - * HTTP: 200 (403 Forbidden: 0, 429 Too Many Requests: 200)
2025-10-31 01:26:35 - INFO - * Timeout: 0
2025-10-31 01:26:35 - INFO - * Ausentes: 0
2025-10-31 01:26:35 - INFO - * Outros: 0
2025-10-31 01:26:35 - INFO - Aguardando 120s antes do próximo batch...

2025-10-31 01:28:35 - INFO - Batch 90/1358 - Processando itens 17801 a 18000 (200 itens)...
2025-10-31 01:28:35 - INFO - Iniciando busca de 'DETALHES' assíncrona para 200 AppIDs com concorrência 1...
2025-10-31 01:29:57 - INFO - Busca assíncrona concluída.
2025-10-31 01:29:57 - INFO - --- Busca concluída: ---
2025-10-31 01:29:57 - INFO - 159 sucesso(s) (79.50%),
2025-10-31 01:29:57 - INFO - 41 falha(s) (20.50%).
2025-10-31 01:29:57 - INFO - --- Detalhamento dos erros: ---
2025-10-31 01:29:57 - INFO - * HTTP: 0 (403 Forbidden: 0, 429 Too Many Requests: 0)
2025-10-31 01:29:57 - INFO - * Timeout: 0
2025-10-31 01:29:57 - INFO - * Ausentes: 41
2025-10-31 01:29:57 - INFO - * Outros: 0
2025-10-31 01:29:57 - INFO - Aguardando 120s antes do próximo batch...

2025-10-31 01:31:57 - INFO - Batch 91/1358 - Processando itens 18001 a 18200 (200 itens)...
2025-10-31 01:31:57 - INFO - Iniciando busca de 'DETALHES' assíncrona para 200 AppIDs com concorrência 1...
2025-10-31 01:33:10 - INFO - Busca assíncrona concluída.
2025-10-31 01:33:10 - INFO - --- Busca concluída: ---
2025-10-31 01:33:10 - INFO - 0 sucesso(s) (0.00%),
2025-10-31 01:33:10 - INFO - 200 falha(s) (100.00%).
2025-10-31 01:33:10 - INFO - --- Detalhamento dos erros: ---
2025-10-31 01:33:10 - INFO - * HTTP: 200 (403 Forbidden: 0, 429 Too Many Requests: 200)
2025-10-31 01:33:10 - INFO - * Timeout: 0
2025-10-31 01:33:10 - INFO - * Ausentes: 0
2025-10-31 01:33:10 - INFO - * Outros: 0
2025-10-31 01:33:10 - INFO - Aguardando 120s antes do próximo batch...

2025-10-31 01:35:10 - INFO - Batch 92/1358 - Processando itens 18201 a 18400 (200 itens)...
2025-10-31 01:35:10 - INFO - Iniciando busca de 'DETALHES' assíncrona para 200 AppIDs com concorrência 1...
2025-10-31 01:36:30 - INFO - Busca assíncrona concluída.
2025-10-31 01:36:30 - INFO - --- Busca concluída: ---
2025-10-31 01:36:30 - INFO - 144 sucesso(s) (72.00%),
2025-10-31 01:36:30 - INFO - 56 falha(s) (28.00%).
2025-10-31 01:36:30 - INFO - --- Detalhamento dos erros: ---
2025-10-31 01:36:30 - INFO - * HTTP: 0 (403 Forbidden: 0, 429 Too Many Requests: 0)
2025-10-31 01:36:30 - INFO - * Timeout: 0
2025-10-31 01:36:30 - INFO - * Ausentes: 56
2025-10-31 01:36:30 - INFO - * Outros: 0
2025-10-31 01:36:30 - INFO - Aguardando 120s antes do próximo batch...

2025-10-31 01:38:30 - INFO - Batch 93/1358 - Processando itens 18401 a 18600 (200 itens)...
2025-10-31 01:38:30 - INFO - Iniciando busca de 'DETALHES' assíncrona para 200 AppIDs com concorrência 1...
2025-10-31 01:39:51 - INFO - Busca assíncrona concluída.
2025-10-31 01:39:51 - INFO - --- Busca concluída: ---
2025-10-31 01:39:51 - INFO - 0 sucesso(s) (0.00%),
2025-10-31 01:39:51 - INFO - 200 falha(s) (100.00%).
2025-10-31 01:39:51 - INFO - --- Detalhamento dos erros: ---
2025-10-31 01:39:51 - INFO - * HTTP: 200 (403 Forbidden: 0, 429 Too Many Requests: 200)
2025-10-31 01:39:51 - INFO - * Timeout: 0
2025-10-31 01:39:51 - INFO - * Ausentes: 0
2025-10-31 01:39:51 - INFO - * Outros: 0
2025-10-31 01:39:51 - INFO - Aguardando 120s antes do próximo batch...

2025-10-31 01:41:51 - INFO - Batch 94/1358 - Processando itens 18601 a 18800 (200 itens)...
2025-10-31 01:41:51 - INFO - Iniciando busca de 'DETALHES' assíncrona para 200 AppIDs com concorrência 1...
2025-10-31 01:43:20 - INFO - Busca assíncrona concluída.
2025-10-31 01:43:20 - INFO - --- Busca concluída: ---
2025-10-31 01:43:20 - INFO - 169 sucesso(s) (84.50%),
2025-10-31 01:43:20 - INFO - 31 falha(s) (15.50%).
2025-10-31 01:43:20 - INFO - --- Detalhamento dos erros: ---
2025-10-31 01:43:20 - INFO - * HTTP: 0 (403 Forbidden: 0, 429 Too Many Requests: 0)
2025-10-31 01:43:20 - INFO - * Timeout: 0
2025-10-31 01:43:20 - INFO - * Ausentes: 31
2025-10-31 01:43:20 - INFO - * Outros: 0
2025-10-31 01:43:20 - INFO - Aguardando 120s antes do próximo batch...

2025-10-31 01:45:20 - INFO - Batch 95/1358 - Processando itens 18801 a 19000 (200 itens)...
2025-10-31 01:45:20 - INFO - Iniciando busca de 'DETALHES' assíncrona para 200 AppIDs com concorrência 1...
2025-10-31 01:46:36 - INFO - Busca assíncrona concluída.
2025-10-31 01:46:36 - INFO - --- Busca concluída: ---
2025-10-31 01:46:36 - INFO - 0 sucesso(s) (0.00%),
2025-10-31 01:46:36 - INFO - 200 falha(s) (100.00%).
2025-10-31 01:46:36 - INFO - --- Detalhamento dos erros: ---
2025-10-31 01:46:36 - INFO - * HTTP: 200 (403 Forbidden: 0, 429 Too Many Requests: 200)
2025-10-31 01:46:36 - INFO - * Timeout: 0
2025-10-31 01:46:36 - INFO - * Ausentes: 0
2025-10-31 01:46:36 - INFO - * Outros: 0
2025-10-31 01:46:36 - INFO - Aguardando 120s antes do próximo batch...

2025-10-31 01:48:36 - INFO - Batch 96/1358 - Processando itens 19001 a 19200 (200 itens)...
2025-10-31 01:48:36 - INFO - Iniciando busca de 'DETALHES' assíncrona para 200 AppIDs com concorrência 1...
2025-10-31 01:49:59 - INFO - Busca assíncrona concluída.
2025-10-31 01:49:59 - INFO - --- Busca concluída: ---
2025-10-31 01:49:59 - INFO - 173 sucesso(s) (86.50%),
2025-10-31 01:49:59 - INFO - 27 falha(s) (13.50%).
2025-10-31 01:49:59 - INFO - --- Detalhamento dos erros: ---
2025-10-31 01:49:59 - INFO - * HTTP: 0 (403 Forbidden: 0, 429 Too Many Requests: 0)
2025-10-31 01:49:59 - INFO - * Timeout: 0
2025-10-31 01:49:59 - INFO - * Ausentes: 27
2025-10-31 01:49:59 - INFO - * Outros: 0
2025-10-31 01:49:59 - INFO - Aguardando 120s antes do próximo batch...

2025-10-31 01:51:59 - INFO - Batch 97/1358 - Processando itens 19201 a 19400 (200 itens)...
2025-10-31 01:51:59 - INFO - Iniciando busca de 'DETALHES' assíncrona para 200 AppIDs com concorrência 1...
2025-10-31 01:53:19 - INFO - Busca assíncrona concluída.
2025-10-31 01:53:19 - INFO - --- Busca concluída: ---
2025-10-31 01:53:19 - INFO - 0 sucesso(s) (0.00%),
2025-10-31 01:53:19 - INFO - 200 falha(s) (100.00%).
2025-10-31 01:53:19 - INFO - --- Detalhamento dos erros: ---
2025-10-31 01:53:19 - INFO - * HTTP: 200 (403 Forbidden: 0, 429 Too Many Requests: 200)
2025-10-31 01:53:19 - INFO - * Timeout: 0
2025-10-31 01:53:19 - INFO - * Ausentes: 0
2025-10-31 01:53:19 - INFO - * Outros: 0
2025-10-31 01:53:19 - INFO - Aguardando 120s antes do próximo batch...

2025-10-31 01:55:19 - INFO - Batch 98/1358 - Processando itens 19401 a 19600 (200 itens)...
2025-10-31 01:55:19 - INFO - Iniciando busca de 'DETALHES' assíncrona para 200 AppIDs com concorrência 1...
2025-10-31 01:56:45 - INFO - Busca assíncrona concluída.
2025-10-31 01:56:45 - INFO - --- Busca concluída: ---
2025-10-31 01:56:45 - INFO - 117 sucesso(s) (58.50%),
2025-10-31 01:56:45 - INFO - 83 falha(s) (41.50%).
2025-10-31 01:56:45 - INFO - --- Detalhamento dos erros: ---
2025-10-31 01:56:45 - INFO - * HTTP: 0 (403 Forbidden: 0, 429 Too Many Requests: 0)
2025-10-31 01:56:45 - INFO - * Timeout: 0
2025-10-31 01:56:45 - INFO - * Ausentes: 83
2025-10-31 01:56:45 - INFO - * Outros: 0
2025-10-31 01:56:45 - INFO - Aguardando 120s antes do próximo batch...

2025-10-31 01:58:45 - INFO - Batch 99/1358 - Processando itens 19601 a 19800 (200 itens)...
2025-10-31 01:58:45 - INFO - Iniciando busca de 'DETALHES' assíncrona para 200 AppIDs com concorrência 1...
2025-10-31 01:59:57 - INFO - Busca assíncrona concluída.
2025-10-31 01:59:57 - INFO - --- Busca concluída: ---
2025-10-31 01:59:57 - INFO - 0 sucesso(s) (0.00%),
2025-10-31 01:59:57 - INFO - 200 falha(s) (100.00%).
2025-10-31 01:59:57 - INFO - --- Detalhamento dos erros: ---
2025-10-31 01:59:57 - INFO - * HTTP: 200 (403 Forbidden: 0, 429 Too Many Requests: 200)
2025-10-31 01:59:57 - INFO - * Timeout: 0
2025-10-31 01:59:57 - INFO - * Ausentes: 0
2025-10-31 01:59:57 - INFO - * Outros: 0
2025-10-31 01:59:57 - INFO - Aguardando 120s antes do próximo batch...

2025-10-31 02:01:57 - INFO - Batch 100/1358 - Processando itens 19801 a 20000 (200 itens)...
2025-10-31 02:01:57 - INFO - Iniciando busca de 'DETALHES' assíncrona para 200 AppIDs com concorrência 1...
2025-10-31 02:03:16 - INFO - Busca assíncrona concluída.
2025-10-31 02:03:16 - INFO - --- Busca concluída: ---
2025-10-31 02:03:16 - INFO - 162 sucesso(s) (81.00%),
2025-10-31 02:03:16 - INFO - 38 falha(s) (19.00%).
2025-10-31 02:03:16 - INFO - --- Detalhamento dos erros: ---
2025-10-31 02:03:16 - INFO - * HTTP: 0 (403 Forbidden: 0, 429 Too Many Requests: 0)
2025-10-31 02:03:16 - INFO - * Timeout: 0
2025-10-31 02:03:16 - INFO - * Ausentes: 37
2025-10-31 02:03:16 - INFO - * Outros: 0
2025-10-31 02:03:16 - INFO - Aguardando 120s antes do próximo batch...

2025-10-31 02:05:16 - INFO - Batch 101/1358 - Processando itens 20001 a 20200 (200 itens)...
2025-10-31 02:05:16 - INFO - Iniciando busca de 'DETALHES' assíncrona para 200 AppIDs com concorrência 1...
2025-10-31 02:06:35 - INFO - Busca assíncrona concluída.
2025-10-31 02:06:35 - INFO - --- Busca concluída: ---
2025-10-31 02:06:35 - INFO - 0 sucesso(s) (0.00%),
2025-10-31 02:06:35 - INFO - 200 falha(s) (100.00%).
2025-10-31 02:06:35 - INFO - --- Detalhamento dos erros: ---
2025-10-31 02:06:35 - INFO - * HTTP: 200 (403 Forbidden: 0, 429 Too Many Requests: 200)
2025-10-31 02:06:35 - INFO - * Timeout: 0
2025-10-31 02:06:35 - INFO - * Ausentes: 0
2025-10-31 02:06:35 - INFO - * Outros: 0
2025-10-31 02:06:35 - INFO - Aguardando 120s antes do próximo batch...

2025-10-31 02:08:35 - INFO - Batch 102/1358 - Processando itens 20201 a 20400 (200 itens)...
2025-10-31 02:08:35 - INFO - Iniciando busca de 'DETALHES' assíncrona para 200 AppIDs com concorrência 1...
2025-10-31 02:09:55 - INFO - Busca assíncrona concluída.
2025-10-31 02:09:55 - INFO - --- Busca concluída: ---
2025-10-31 02:09:55 - INFO - 183 sucesso(s) (91.50%),
2025-10-31 02:09:55 - INFO - 17 falha(s) (8.50%).
2025-10-31 02:09:55 - INFO - --- Detalhamento dos erros: ---
2025-10-31 02:09:55 - INFO - * HTTP: 0 (403 Forbidden: 0, 429 Too Many Requests: 0)
2025-10-31 02:09:55 - INFO - * Timeout: 0
2025-10-31 02:09:55 - INFO - * Ausentes: 17
2025-10-31 02:09:55 - INFO - * Outros: 0
2025-10-31 02:09:55 - INFO - Aguardando 120s antes do próximo batch...

2025-10-31 02:11:55 - INFO - Batch 103/1358 - Processando itens 20401 a 20600 (200 itens)...
2025-10-31 02:11:55 - INFO - Iniciando busca de 'DETALHES' assíncrona para 200 AppIDs com concorrência 1...
2025-10-31 02:13:07 - INFO - Busca assíncrona concluída.
2025-10-31 02:13:07 - INFO - --- Busca concluída: ---
2025-10-31 02:13:07 - INFO - 0 sucesso(s) (0.00%),
2025-10-31 02:13:07 - INFO - 200 falha(s) (100.00%).
2025-10-31 02:13:07 - INFO - --- Detalhamento dos erros: ---
2025-10-31 02:13:07 - INFO - * HTTP: 200 (403 Forbidden: 0, 429 Too Many Requests: 200)
2025-10-31 02:13:07 - INFO - * Timeout: 0
2025-10-31 02:13:07 - INFO - * Ausentes: 0
2025-10-31 02:13:07 - INFO - * Outros: 0
2025-10-31 02:13:07 - INFO - Aguardando 120s antes do próximo batch...

2025-10-31 02:15:08 - INFO - Batch 104/1358 - Processando itens 20601 a 20800 (200 itens)...
2025-10-31 02:15:08 - INFO - Iniciando busca de 'DETALHES' assíncrona para 200 AppIDs com concorrência 1...
2025-10-31 02:16:26 - INFO - Busca assíncrona concluída.
2025-10-31 02:16:26 - INFO - --- Busca concluída: ---
2025-10-31 02:16:26 - INFO - 186 sucesso(s) (93.00%),
2025-10-31 02:16:26 - INFO - 14 falha(s) (7.00%).
2025-10-31 02:16:26 - INFO - --- Detalhamento dos erros: ---
2025-10-31 02:16:26 - INFO - * HTTP: 0 (403 Forbidden: 0, 429 Too Many Requests: 0)
2025-10-31 02:16:26 - INFO - * Timeout: 0
2025-10-31 02:16:26 - INFO - * Ausentes: 14
2025-10-31 02:16:26 - INFO - * Outros: 0
2025-10-31 02:16:26 - INFO - Aguardando 120s antes do próximo batch...

2025-10-31 02:18:26 - INFO - Batch 105/1358 - Processando itens 20801 a 21000 (200 itens)...
2025-10-31 02:18:26 - INFO - Iniciando busca de 'DETALHES' assíncrona para 200 AppIDs com concorrência 1...
2025-10-31 02:19:41 - INFO - Busca assíncrona concluída.
2025-10-31 02:19:41 - INFO - --- Busca concluída: ---
2025-10-31 02:19:41 - INFO - 0 sucesso(s) (0.00%),
2025-10-31 02:19:41 - INFO - 200 falha(s) (100.00%).
2025-10-31 02:19:41 - INFO - --- Detalhamento dos erros: ---
2025-10-31 02:19:41 - INFO - * HTTP: 200 (403 Forbidden: 0, 429 Too Many Requests: 200)
2025-10-31 02:19:41 - INFO - * Timeout: 0
2025-10-31 02:19:41 - INFO - * Ausentes: 0
2025-10-31 02:19:41 - INFO - * Outros: 0
2025-10-31 02:19:41 - INFO - Aguardando 120s antes do próximo batch...

2025-10-31 02:21:41 - INFO - Batch 106/1358 - Processando itens 21001 a 21200 (200 itens)...
2025-10-31 02:21:41 - INFO - Iniciando busca de 'DETALHES' assíncrona para 200 AppIDs com concorrência 1...
2025-10-31 02:23:02 - INFO - Busca assíncrona concluída.
2025-10-31 02:23:02 - INFO - --- Busca concluída: ---
2025-10-31 02:23:02 - INFO - 139 sucesso(s) (69.50%),
2025-10-31 02:23:02 - INFO - 61 falha(s) (30.50%).
2025-10-31 02:23:02 - INFO - --- Detalhamento dos erros: ---
2025-10-31 02:23:02 - INFO - * HTTP: 0 (403 Forbidden: 0, 429 Too Many Requests: 0)
2025-10-31 02:23:02 - INFO - * Timeout: 0
2025-10-31 02:23:02 - INFO - * Ausentes: 61
2025-10-31 02:23:02 - INFO - * Outros: 0
2025-10-31 02:23:02 - INFO - Aguardando 120s antes do próximo batch...

2025-10-31 02:25:02 - INFO - Batch 107/1358 - Processando itens 21201 a 21400 (200 itens)...
2025-10-31 02:25:02 - INFO - Iniciando busca de 'DETALHES' assíncrona para 200 AppIDs com concorrência 1...
2025-10-31 02:26:12 - INFO - Busca assíncrona concluída.
2025-10-31 02:26:12 - INFO - --- Busca concluída: ---
2025-10-31 02:26:12 - INFO - 0 sucesso(s) (0.00%),
2025-10-31 02:26:12 - INFO - 200 falha(s) (100.00%).
2025-10-31 02:26:12 - INFO - --- Detalhamento dos erros: ---
2025-10-31 02:26:12 - INFO - * HTTP: 200 (403 Forbidden: 0, 429 Too Many Requests: 200)
2025-10-31 02:26:12 - INFO - * Timeout: 0
2025-10-31 02:26:12 - INFO - * Ausentes: 0
2025-10-31 02:26:12 - INFO - * Outros: 0
2025-10-31 02:26:12 - INFO - Aguardando 120s antes do próximo batch...

2025-10-31 02:28:12 - INFO - Batch 108/1358 - Processando itens 21401 a 21600 (200 itens)...
2025-10-31 02:28:12 - INFO - Iniciando busca de 'DETALHES' assíncrona para 200 AppIDs com concorrência 1...
2025-10-31 02:29:36 - INFO - Busca assíncrona concluída.
2025-10-31 02:29:36 - INFO - --- Busca concluída: ---
2025-10-31 02:29:36 - INFO - 175 sucesso(s) (87.50%),
2025-10-31 02:29:36 - INFO - 25 falha(s) (12.50%).
2025-10-31 02:29:36 - INFO - --- Detalhamento dos erros: ---
2025-10-31 02:29:36 - INFO - * HTTP: 0 (403 Forbidden: 0, 429 Too Many Requests: 0)
2025-10-31 02:29:36 - INFO - * Timeout: 0
2025-10-31 02:29:36 - INFO - * Ausentes: 25
2025-10-31 02:29:36 - INFO - * Outros: 0
2025-10-31 02:29:36 - INFO - Aguardando 120s antes do próximo batch...

2025-10-31 02:31:36 - INFO - Batch 109/1358 - Processando itens 21601 a 21800 (200 itens)...
2025-10-31 02:31:36 - INFO - Iniciando busca de 'DETALHES' assíncrona para 200 AppIDs com concorrência 1...
2025-10-31 02:32:50 - INFO - Busca assíncrona concluída.
2025-10-31 02:32:50 - INFO - --- Busca concluída: ---
2025-10-31 02:32:50 - INFO - 0 sucesso(s) (0.00%),
2025-10-31 02:32:50 - INFO - 200 falha(s) (100.00%).
2025-10-31 02:32:50 - INFO - --- Detalhamento dos erros: ---
2025-10-31 02:32:50 - INFO - * HTTP: 200 (403 Forbidden: 0, 429 Too Many Requests: 200)
2025-10-31 02:32:50 - INFO - * Timeout: 0
2025-10-31 02:32:50 - INFO - * Ausentes: 0
2025-10-31 02:32:50 - INFO - * Outros: 0
2025-10-31 02:32:50 - INFO - Aguardando 120s antes do próximo batch...

2025-10-31 02:34:50 - INFO - Batch 110/1358 - Processando itens 21801 a 22000 (200 itens)...
2025-10-31 02:34:50 - INFO - Iniciando busca de 'DETALHES' assíncrona para 200 AppIDs com concorrência 1...
2025-10-31 02:36:15 - INFO - Busca assíncrona concluída.
2025-10-31 02:36:15 - INFO - --- Busca concluída: ---
2025-10-31 02:36:15 - INFO - 92 sucesso(s) (46.00%),
2025-10-31 02:36:15 - INFO - 108 falha(s) (54.00%).
2025-10-31 02:36:15 - INFO - --- Detalhamento dos erros: ---
2025-10-31 02:36:15 - INFO - * HTTP: 93 (403 Forbidden: 0, 429 Too Many Requests: 0)
2025-10-31 02:36:15 - INFO - * Timeout: 0
2025-10-31 02:36:15 - INFO - * Ausentes: 15
2025-10-31 02:36:15 - INFO - * Outros: 0
2025-10-31 02:36:15 - INFO - Aguardando 120s antes do próximo batch...

2025-10-31 02:38:15 - INFO - Batch 111/1358 - Processando itens 22001 a 22200 (200 itens)...
2025-10-31 02:38:15 - INFO - Iniciando busca de 'DETALHES' assíncrona para 200 AppIDs com concorrência 1...
2025-10-31 02:40:01 - INFO - Busca assíncrona concluída.
2025-10-31 02:40:01 - INFO - --- Busca concluída: ---
2025-10-31 02:40:01 - INFO - 88 sucesso(s) (44.00%),
2025-10-31 02:40:01 - INFO - 112 falha(s) (56.00%).
2025-10-31 02:40:01 - INFO - --- Detalhamento dos erros: ---
2025-10-31 02:40:01 - INFO - * HTTP: 107 (403 Forbidden: 0, 429 Too Many Requests: 107)
2025-10-31 02:40:01 - INFO - * Timeout: 0
2025-10-31 02:40:01 - INFO - * Ausentes: 5
2025-10-31 02:40:01 - INFO - * Outros: 0
2025-10-31 02:40:01 - INFO - Aguardando 120s antes do próximo batch...

2025-10-31 02:42:01 - INFO - Batch 112/1358 - Processando itens 22201 a 22400 (200 itens)...
2025-10-31 02:42:01 - INFO - Iniciando busca de 'DETALHES' assíncrona para 200 AppIDs com concorrência 1...
2025-10-31 02:43:21 - INFO - Busca assíncrona concluída.
2025-10-31 02:43:21 - INFO - --- Busca concluída: ---
2025-10-31 02:43:21 - INFO - 189 sucesso(s) (94.50%),
2025-10-31 02:43:21 - INFO - 11 falha(s) (5.50%).
2025-10-31 02:43:21 - INFO - --- Detalhamento dos erros: ---
2025-10-31 02:43:21 - INFO - * HTTP: 0 (403 Forbidden: 0, 429 Too Many Requests: 0)
2025-10-31 02:43:21 - INFO - * Timeout: 0
2025-10-31 02:43:21 - INFO - * Ausentes: 11
2025-10-31 02:43:21 - INFO - * Outros: 0
2025-10-31 02:43:21 - INFO - Aguardando 120s antes do próximo batch...

2025-10-31 02:45:21 - INFO - Batch 113/1358 - Processando itens 22401 a 22600 (200 itens)...
2025-10-31 02:45:21 - INFO - Iniciando busca de 'DETALHES' assíncrona para 200 AppIDs com concorrência 1...
2025-10-31 02:46:36 - INFO - Busca assíncrona concluída.
2025-10-31 02:46:36 - INFO - --- Busca concluída: ---
2025-10-31 02:46:36 - INFO - 0 sucesso(s) (0.00%),
2025-10-31 02:46:36 - INFO - 200 falha(s) (100.00%).
2025-10-31 02:46:36 - INFO - --- Detalhamento dos erros: ---
2025-10-31 02:46:36 - INFO - * HTTP: 200 (403 Forbidden: 0, 429 Too Many Requests: 200)
2025-10-31 02:46:36 - INFO - * Timeout: 0
2025-10-31 02:46:36 - INFO - * Ausentes: 0
2025-10-31 02:46:36 - INFO - * Outros: 0
2025-10-31 02:46:36 - INFO - Aguardando 120s antes do próximo batch...

2025-10-31 02:48:36 - INFO - Batch 114/1358 - Processando itens 22601 a 22800 (200 itens)...
2025-10-31 02:48:36 - INFO - Iniciando busca de 'DETALHES' assíncrona para 200 AppIDs com concorrência 1...
2025-10-31 02:49:55 - INFO - Busca assíncrona concluída.
2025-10-31 02:49:55 - INFO - --- Busca concluída: ---
2025-10-31 02:49:55 - INFO - 196 sucesso(s) (98.00%),
2025-10-31 02:49:55 - INFO - 4 falha(s) (2.00%).
2025-10-31 02:49:55 - INFO - --- Detalhamento dos erros: ---
2025-10-31 02:49:55 - INFO - * HTTP: 0 (403 Forbidden: 0, 429 Too Many Requests: 0)
2025-10-31 02:49:55 - INFO - * Timeout: 0
2025-10-31 02:49:55 - INFO - * Ausentes: 4
2025-10-31 02:49:55 - INFO - * Outros: 0
2025-10-31 02:49:55 - INFO - Aguardando 120s antes do próximo batch...

2025-10-31 02:51:55 - INFO - Batch 115/1358 - Processando itens 22801 a 23000 (200 itens)...
2025-10-31 02:51:55 - INFO - Iniciando busca de 'DETALHES' assíncrona para 200 AppIDs com concorrência 1...
2025-10-31 02:53:09 - INFO - Busca assíncrona concluída.
2025-10-31 02:53:09 - INFO - --- Busca concluída: ---
2025-10-31 02:53:09 - INFO - 0 sucesso(s) (0.00%),
2025-10-31 02:53:09 - INFO - 200 falha(s) (100.00%).
2025-10-31 02:53:09 - INFO - --- Detalhamento dos erros: ---
2025-10-31 02:53:09 - INFO - * HTTP: 200 (403 Forbidden: 0, 429 Too Many Requests: 200)
2025-10-31 02:53:09 - INFO - * Timeout: 0
2025-10-31 02:53:09 - INFO - * Ausentes: 0
2025-10-31 02:53:09 - INFO - * Outros: 0
2025-10-31 02:53:09 - INFO - Aguardando 120s antes do próximo batch...

2025-10-31 02:55:09 - INFO - Batch 116/1358 - Processando itens 23001 a 23200 (200 itens)...
2025-10-31 02:55:09 - INFO - Iniciando busca de 'DETALHES' assíncrona para 200 AppIDs com concorrência 1...
2025-10-31 02:56:30 - INFO - Busca assíncrona concluída.
2025-10-31 02:56:30 - INFO - --- Busca concluída: ---
2025-10-31 02:56:30 - INFO - 174 sucesso(s) (87.00%),
2025-10-31 02:56:30 - INFO - 26 falha(s) (13.00%).
2025-10-31 02:56:30 - INFO - --- Detalhamento dos erros: ---
2025-10-31 02:56:30 - INFO - * HTTP: 0 (403 Forbidden: 0, 429 Too Many Requests: 0)
2025-10-31 02:56:30 - INFO - * Timeout: 0
2025-10-31 02:56:30 - INFO - * Ausentes: 25
2025-10-31 02:56:30 - INFO - * Outros: 0
2025-10-31 02:56:30 - INFO - Aguardando 120s antes do próximo batch...

2025-10-31 02:58:30 - INFO - Batch 117/1358 - Processando itens 23201 a 23400 (200 itens)...
2025-10-31 02:58:30 - INFO - Iniciando busca de 'DETALHES' assíncrona para 200 AppIDs com concorrência 1...
2025-10-31 02:59:43 - INFO - Busca assíncrona concluída.
2025-10-31 02:59:43 - INFO - --- Busca concluída: ---
2025-10-31 02:59:43 - INFO - 0 sucesso(s) (0.00%),
2025-10-31 02:59:43 - INFO - 200 falha(s) (100.00%).
2025-10-31 02:59:43 - INFO - --- Detalhamento dos erros: ---
2025-10-31 02:59:43 - INFO - * HTTP: 200 (403 Forbidden: 0, 429 Too Many Requests: 200)
2025-10-31 02:59:43 - INFO - * Timeout: 0
2025-10-31 02:59:43 - INFO - * Ausentes: 0
2025-10-31 02:59:43 - INFO - * Outros: 0
2025-10-31 02:59:43 - INFO - Aguardando 120s antes do próximo batch...

2025-10-31 03:01:43 - INFO - Batch 118/1358 - Processando itens 23401 a 23600 (200 itens)...
2025-10-31 03:01:43 - INFO - Iniciando busca de 'DETALHES' assíncrona para 200 AppIDs com concorrência 1...
2025-10-31 03:03:04 - INFO - Busca assíncrona concluída.
2025-10-31 03:03:04 - INFO - --- Busca concluída: ---
2025-10-31 03:03:04 - INFO - 180 sucesso(s) (90.00%),
2025-10-31 03:03:04 - INFO - 20 falha(s) (10.00%).
2025-10-31 03:03:04 - INFO - --- Detalhamento dos erros: ---
2025-10-31 03:03:04 - INFO - * HTTP: 0 (403 Forbidden: 0, 429 Too Many Requests: 0)
2025-10-31 03:03:04 - INFO - * Timeout: 0
2025-10-31 03:03:04 - INFO - * Ausentes: 20
2025-10-31 03:03:04 - INFO - * Outros: 0
2025-10-31 03:03:04 - INFO - Aguardando 120s antes do próximo batch...

2025-10-31 03:05:04 - INFO - Batch 119/1358 - Processando itens 23601 a 23800 (200 itens)...
2025-10-31 03:05:04 - INFO - Iniciando busca de 'DETALHES' assíncrona para 200 AppIDs com concorrência 1...
2025-10-31 03:06:15 - INFO - Busca assíncrona concluída.
2025-10-31 03:06:15 - INFO - --- Busca concluída: ---
2025-10-31 03:06:15 - INFO - 0 sucesso(s) (0.00%),
2025-10-31 03:06:15 - INFO - 200 falha(s) (100.00%).
2025-10-31 03:06:15 - INFO - --- Detalhamento dos erros: ---
2025-10-31 03:06:15 - INFO - * HTTP: 200 (403 Forbidden: 0, 429 Too Many Requests: 200)
2025-10-31 03:06:15 - INFO - * Timeout: 0
2025-10-31 03:06:15 - INFO - * Ausentes: 0
2025-10-31 03:06:15 - INFO - * Outros: 0
2025-10-31 03:06:15 - INFO - Aguardando 120s antes do próximo batch...

2025-10-31 03:08:15 - INFO - Batch 120/1358 - Processando itens 23801 a 24000 (200 itens)...
2025-10-31 03:08:15 - INFO - Iniciando busca de 'DETALHES' assíncrona para 200 AppIDs com concorrência 1...
2025-10-31 03:09:36 - INFO - Busca assíncrona concluída.
2025-10-31 03:09:36 - INFO - --- Busca concluída: ---
2025-10-31 03:09:36 - INFO - 164 sucesso(s) (82.00%),
2025-10-31 03:09:36 - INFO - 36 falha(s) (18.00%).
2025-10-31 03:09:36 - INFO - --- Detalhamento dos erros: ---
2025-10-31 03:09:36 - INFO - * HTTP: 0 (403 Forbidden: 0, 429 Too Many Requests: 0)
2025-10-31 03:09:36 - INFO - * Timeout: 0
2025-10-31 03:09:36 - INFO - * Ausentes: 36
2025-10-31 03:09:36 - INFO - * Outros: 0
2025-10-31 03:09:36 - INFO - Aguardando 120s antes do próximo batch...

2025-10-31 03:11:36 - INFO - Batch 121/1358 - Processando itens 24001 a 24200 (200 itens)...
2025-10-31 03:11:36 - INFO - Iniciando busca de 'DETALHES' assíncrona para 200 AppIDs com concorrência 1...
2025-10-31 03:12:49 - INFO - Busca assíncrona concluída.
2025-10-31 03:12:49 - INFO - --- Busca concluída: ---
2025-10-31 03:12:49 - INFO - 0 sucesso(s) (0.00%),
2025-10-31 03:12:49 - INFO - 200 falha(s) (100.00%).
2025-10-31 03:12:49 - INFO - --- Detalhamento dos erros: ---
2025-10-31 03:12:49 - INFO - * HTTP: 200 (403 Forbidden: 0, 429 Too Many Requests: 200)
2025-10-31 03:12:49 - INFO - * Timeout: 0
2025-10-31 03:12:49 - INFO - * Ausentes: 0
2025-10-31 03:12:49 - INFO - * Outros: 0
2025-10-31 03:12:49 - INFO - Aguardando 120s antes do próximo batch...

2025-10-31 03:14:49 - INFO - Batch 122/1358 - Processando itens 24201 a 24400 (200 itens)...
2025-10-31 03:14:49 - INFO - Iniciando busca de 'DETALHES' assíncrona para 200 AppIDs com concorrência 1...
2025-10-31 03:16:11 - INFO - Busca assíncrona concluída.
2025-10-31 03:16:11 - INFO - --- Busca concluída: ---
2025-10-31 03:16:11 - INFO - 179 sucesso(s) (89.50%),
2025-10-31 03:16:11 - INFO - 21 falha(s) (10.50%).
2025-10-31 03:16:11 - INFO - --- Detalhamento dos erros: ---
2025-10-31 03:16:11 - INFO - * HTTP: 0 (403 Forbidden: 0, 429 Too Many Requests: 0)
2025-10-31 03:16:11 - INFO - * Timeout: 0
2025-10-31 03:16:11 - INFO - * Ausentes: 21
2025-10-31 03:16:11 - INFO - * Outros: 0
2025-10-31 03:16:11 - INFO - Aguardando 120s antes do próximo batch...

2025-10-31 03:18:11 - INFO - Batch 123/1358 - Processando itens 24401 a 24600 (200 itens)...
2025-10-31 03:18:11 - INFO - Iniciando busca de 'DETALHES' assíncrona para 200 AppIDs com concorrência 1...
2025-10-31 03:19:24 - INFO - Busca assíncrona concluída.
2025-10-31 03:19:24 - INFO - --- Busca concluída: ---
2025-10-31 03:19:24 - INFO - 0 sucesso(s) (0.00%),
2025-10-31 03:19:24 - INFO - 200 falha(s) (100.00%).
2025-10-31 03:19:24 - INFO - --- Detalhamento dos erros: ---
2025-10-31 03:19:24 - INFO - * HTTP: 200 (403 Forbidden: 0, 429 Too Many Requests: 200)
2025-10-31 03:19:24 - INFO - * Timeout: 0
2025-10-31 03:19:24 - INFO - * Ausentes: 0
2025-10-31 03:19:24 - INFO - * Outros: 0
2025-10-31 03:19:24 - INFO - Aguardando 120s antes do próximo batch...

2025-10-31 03:21:24 - INFO - Batch 124/1358 - Processando itens 24601 a 24800 (200 itens)...
2025-10-31 03:21:24 - INFO - Iniciando busca de 'DETALHES' assíncrona para 200 AppIDs com concorrência 1...
2025-10-31 03:22:46 - INFO - Busca assíncrona concluída.
2025-10-31 03:22:46 - INFO - --- Busca concluída: ---
2025-10-31 03:22:46 - INFO - 188 sucesso(s) (94.00%),
2025-10-31 03:22:46 - INFO - 12 falha(s) (6.00%).
2025-10-31 03:22:46 - INFO - --- Detalhamento dos erros: ---
2025-10-31 03:22:46 - INFO - * HTTP: 0 (403 Forbidden: 0, 429 Too Many Requests: 0)
2025-10-31 03:22:46 - INFO - * Timeout: 0
2025-10-31 03:22:46 - INFO - * Ausentes: 12
2025-10-31 03:22:46 - INFO - * Outros: 0
2025-10-31 03:22:46 - INFO - Aguardando 120s antes do próximo batch...

2025-10-31 03:24:46 - INFO - Batch 125/1358 - Processando itens 24801 a 25000 (200 itens)...
2025-10-31 03:24:46 - INFO - Iniciando busca de 'DETALHES' assíncrona para 200 AppIDs com concorrência 1...
2025-10-31 03:25:59 - INFO - Busca assíncrona concluída.
2025-10-31 03:25:59 - INFO - --- Busca concluída: ---
2025-10-31 03:25:59 - INFO - 0 sucesso(s) (0.00%),
2025-10-31 03:25:59 - INFO - 200 falha(s) (100.00%).
2025-10-31 03:25:59 - INFO - --- Detalhamento dos erros: ---
2025-10-31 03:25:59 - INFO - * HTTP: 200 (403 Forbidden: 0, 429 Too Many Requests: 200)
2025-10-31 03:25:59 - INFO - * Timeout: 0
2025-10-31 03:25:59 - INFO - * Ausentes: 0
2025-10-31 03:25:59 - INFO - * Outros: 0
2025-10-31 03:25:59 - INFO - Aguardando 120s antes do próximo batch...

2025-10-31 03:27:59 - INFO - Batch 126/1358 - Processando itens 25001 a 25200 (200 itens)...
2025-10-31 03:27:59 - INFO - Iniciando busca de 'DETALHES' assíncrona para 200 AppIDs com concorrência 1...
2025-10-31 03:29:25 - INFO - Busca assíncrona concluída.
2025-10-31 03:29:25 - INFO - --- Busca concluída: ---
2025-10-31 03:29:25 - INFO - 185 sucesso(s) (92.50%),
2025-10-31 03:29:25 - INFO - 15 falha(s) (7.50%).
2025-10-31 03:29:25 - INFO - --- Detalhamento dos erros: ---
2025-10-31 03:29:25 - INFO - * HTTP: 0 (403 Forbidden: 0, 429 Too Many Requests: 0)
2025-10-31 03:29:25 - INFO - * Timeout: 0
2025-10-31 03:29:25 - INFO - * Ausentes: 15
2025-10-31 03:29:25 - INFO - * Outros: 0
2025-10-31 03:29:25 - INFO - Aguardando 120s antes do próximo batch...

2025-10-31 03:31:25 - INFO - Batch 127/1358 - Processando itens 25201 a 25400 (200 itens)...
2025-10-31 03:31:25 - INFO - Iniciando busca de 'DETALHES' assíncrona para 200 AppIDs com concorrência 1...
2025-10-31 03:32:44 - INFO - Busca assíncrona concluída.
2025-10-31 03:32:44 - INFO - --- Busca concluída: ---
2025-10-31 03:32:44 - INFO - 0 sucesso(s) (0.00%),
2025-10-31 03:32:44 - INFO - 200 falha(s) (100.00%).
2025-10-31 03:32:44 - INFO - --- Detalhamento dos erros: ---
2025-10-31 03:32:44 - INFO - * HTTP: 200 (403 Forbidden: 0, 429 Too Many Requests: 200)
2025-10-31 03:32:44 - INFO - * Timeout: 0
2025-10-31 03:32:44 - INFO - * Ausentes: 0
2025-10-31 03:32:44 - INFO - * Outros: 0
2025-10-31 03:32:44 - INFO - Aguardando 120s antes do próximo batch...

2025-10-31 03:34:44 - INFO - Batch 128/1358 - Processando itens 25401 a 25600 (200 itens)...
2025-10-31 03:34:44 - INFO - Iniciando busca de 'DETALHES' assíncrona para 200 AppIDs com concorrência 1...
2025-10-31 03:36:04 - INFO - Busca assíncrona concluída.
2025-10-31 03:36:04 - INFO - --- Busca concluída: ---
2025-10-31 03:36:04 - INFO - 176 sucesso(s) (88.00%),
2025-10-31 03:36:04 - INFO - 24 falha(s) (12.00%).
2025-10-31 03:36:04 - INFO - --- Detalhamento dos erros: ---
2025-10-31 03:36:04 - INFO - * HTTP: 0 (403 Forbidden: 0, 429 Too Many Requests: 0)
2025-10-31 03:36:04 - INFO - * Timeout: 0
2025-10-31 03:36:04 - INFO - * Ausentes: 24
2025-10-31 03:36:04 - INFO - * Outros: 0
2025-10-31 03:36:04 - INFO - Aguardando 120s antes do próximo batch...

2025-10-31 03:38:04 - INFO - Batch 129/1358 - Processando itens 25601 a 25800 (200 itens)...
2025-10-31 03:38:04 - INFO - Iniciando busca de 'DETALHES' assíncrona para 200 AppIDs com concorrência 1...
2025-10-31 03:39:18 - INFO - Busca assíncrona concluída.
2025-10-31 03:39:18 - INFO - --- Busca concluída: ---
2025-10-31 03:39:18 - INFO - 0 sucesso(s) (0.00%),
2025-10-31 03:39:18 - INFO - 200 falha(s) (100.00%).
2025-10-31 03:39:18 - INFO - --- Detalhamento dos erros: ---
2025-10-31 03:39:18 - INFO - * HTTP: 200 (403 Forbidden: 0, 429 Too Many Requests: 200)
2025-10-31 03:39:18 - INFO - * Timeout: 0
2025-10-31 03:39:18 - INFO - * Ausentes: 0
2025-10-31 03:39:18 - INFO - * Outros: 0
2025-10-31 03:39:18 - INFO - Aguardando 120s antes do próximo batch...

2025-10-31 03:41:18 - INFO - Batch 130/1358 - Processando itens 25801 a 26000 (200 itens)...
2025-10-31 03:41:18 - INFO - Iniciando busca de 'DETALHES' assíncrona para 200 AppIDs com concorrência 1...
2025-10-31 03:42:41 - INFO - Busca assíncrona concluída.
2025-10-31 03:42:41 - INFO - --- Busca concluída: ---
2025-10-31 03:42:41 - INFO - 145 sucesso(s) (72.50%),
2025-10-31 03:42:41 - INFO - 55 falha(s) (27.50%).
2025-10-31 03:42:41 - INFO - --- Detalhamento dos erros: ---
2025-10-31 03:42:41 - INFO - * HTTP: 0 (403 Forbidden: 0, 429 Too Many Requests: 0)
2025-10-31 03:42:41 - INFO - * Timeout: 0
2025-10-31 03:42:41 - INFO - * Ausentes: 55
2025-10-31 03:42:41 - INFO - * Outros: 0
2025-10-31 03:42:41 - INFO - Aguardando 120s antes do próximo batch...

2025-10-31 03:44:41 - INFO - Batch 131/1358 - Processando itens 26001 a 26200 (200 itens)...
2025-10-31 03:44:41 - INFO - Iniciando busca de 'DETALHES' assíncrona para 200 AppIDs com concorrência 1...
2025-10-31 03:46:03 - INFO - Busca assíncrona concluída.
2025-10-31 03:46:03 - INFO - --- Busca concluída: ---
2025-10-31 03:46:03 - INFO - 0 sucesso(s) (0.00%),
2025-10-31 03:46:03 - INFO - 200 falha(s) (100.00%).
2025-10-31 03:46:03 - INFO - --- Detalhamento dos erros: ---
2025-10-31 03:46:03 - INFO - * HTTP: 200 (403 Forbidden: 0, 429 Too Many Requests: 200)
2025-10-31 03:46:03 - INFO - * Timeout: 0
2025-10-31 03:46:03 - INFO - * Ausentes: 0
2025-10-31 03:46:03 - INFO - * Outros: 0
2025-10-31 03:46:03 - INFO - Aguardando 120s antes do próximo batch...

2025-10-31 03:48:03 - INFO - Batch 132/1358 - Processando itens 26201 a 26400 (200 itens)...
2025-10-31 03:48:03 - INFO - Iniciando busca de 'DETALHES' assíncrona para 200 AppIDs com concorrência 1...
2025-10-31 03:49:24 - INFO - Busca assíncrona concluída.
2025-10-31 03:49:24 - INFO - --- Busca concluída: ---
2025-10-31 03:49:24 - INFO - 189 sucesso(s) (94.50%),
2025-10-31 03:49:24 - INFO - 11 falha(s) (5.50%).
2025-10-31 03:49:24 - INFO - --- Detalhamento dos erros: ---
2025-10-31 03:49:24 - INFO - * HTTP: 0 (403 Forbidden: 0, 429 Too Many Requests: 0)
2025-10-31 03:49:24 - INFO - * Timeout: 0
2025-10-31 03:49:24 - INFO - * Ausentes: 11
2025-10-31 03:49:24 - INFO - * Outros: 0
2025-10-31 03:49:24 - INFO - Aguardando 120s antes do próximo batch...

2025-10-31 03:51:24 - INFO - Batch 133/1358 - Processando itens 26401 a 26600 (200 itens)...
2025-10-31 03:51:24 - INFO - Iniciando busca de 'DETALHES' assíncrona para 200 AppIDs com concorrência 1...
2025-10-31 03:52:36 - INFO - Busca assíncrona concluída.
2025-10-31 03:52:36 - INFO - --- Busca concluída: ---
2025-10-31 03:52:36 - INFO - 0 sucesso(s) (0.00%),
2025-10-31 03:52:36 - INFO - 200 falha(s) (100.00%).
2025-10-31 03:52:36 - INFO - --- Detalhamento dos erros: ---
2025-10-31 03:52:36 - INFO - * HTTP: 200 (403 Forbidden: 0, 429 Too Many Requests: 200)
2025-10-31 03:52:36 - INFO - * Timeout: 0
2025-10-31 03:52:36 - INFO - * Ausentes: 0
2025-10-31 03:52:36 - INFO - * Outros: 0
2025-10-31 03:52:36 - INFO - Aguardando 120s antes do próximo batch...

2025-10-31 03:54:36 - INFO - Batch 134/1358 - Processando itens 26601 a 26800 (200 itens)...
2025-10-31 03:54:36 - INFO - Iniciando busca de 'DETALHES' assíncrona para 200 AppIDs com concorrência 1...
2025-10-31 03:55:54 - INFO - Busca assíncrona concluída.
2025-10-31 03:55:54 - INFO - --- Busca concluída: ---
2025-10-31 03:55:54 - INFO - 145 sucesso(s) (72.50%),
2025-10-31 03:55:54 - INFO - 55 falha(s) (27.50%).
2025-10-31 03:55:54 - INFO - --- Detalhamento dos erros: ---
2025-10-31 03:55:54 - INFO - * HTTP: 0 (403 Forbidden: 0, 429 Too Many Requests: 0)
2025-10-31 03:55:54 - INFO - * Timeout: 0
2025-10-31 03:55:54 - INFO - * Ausentes: 55
2025-10-31 03:55:54 - INFO - * Outros: 0
2025-10-31 03:55:54 - INFO - Aguardando 120s antes do próximo batch...

2025-10-31 03:57:54 - INFO - Batch 135/1358 - Processando itens 26801 a 27000 (200 itens)...
2025-10-31 03:57:54 - INFO - Iniciando busca de 'DETALHES' assíncrona para 200 AppIDs com concorrência 1...
2025-10-31 03:59:06 - INFO - Busca assíncrona concluída.
2025-10-31 03:59:06 - INFO - --- Busca concluída: ---
2025-10-31 03:59:06 - INFO - 0 sucesso(s) (0.00%),
2025-10-31 03:59:06 - INFO - 200 falha(s) (100.00%).
2025-10-31 03:59:06 - INFO - --- Detalhamento dos erros: ---
2025-10-31 03:59:06 - INFO - * HTTP: 200 (403 Forbidden: 0, 429 Too Many Requests: 200)
2025-10-31 03:59:06 - INFO - * Timeout: 0
2025-10-31 03:59:06 - INFO - * Ausentes: 0
2025-10-31 03:59:06 - INFO - * Outros: 0
2025-10-31 03:59:06 - INFO - Aguardando 120s antes do próximo batch...

2025-10-31 04:01:06 - INFO - Batch 136/1358 - Processando itens 27001 a 27200 (200 itens)...
2025-10-31 04:01:06 - INFO - Iniciando busca de 'DETALHES' assíncrona para 200 AppIDs com concorrência 1...
2025-10-31 04:02:33 - INFO - Busca assíncrona concluída.
2025-10-31 04:02:33 - INFO - --- Busca concluída: ---
2025-10-31 04:02:33 - INFO - 121 sucesso(s) (60.50%),
2025-10-31 04:02:33 - INFO - 79 falha(s) (39.50%).
2025-10-31 04:02:33 - INFO - --- Detalhamento dos erros: ---
2025-10-31 04:02:33 - INFO - * HTTP: 0 (403 Forbidden: 0, 429 Too Many Requests: 0)
2025-10-31 04:02:33 - INFO - * Timeout: 0
2025-10-31 04:02:33 - INFO - * Ausentes: 79
2025-10-31 04:02:33 - INFO - * Outros: 0
2025-10-31 04:02:33 - INFO - Aguardando 120s antes do próximo batch...

2025-10-31 04:04:33 - INFO - Batch 137/1358 - Processando itens 27201 a 27400 (200 itens)...
2025-10-31 04:04:33 - INFO - Iniciando busca de 'DETALHES' assíncrona para 200 AppIDs com concorrência 1...
2025-10-31 04:05:44 - INFO - Busca assíncrona concluída.
2025-10-31 04:05:44 - INFO - --- Busca concluída: ---
2025-10-31 04:05:44 - INFO - 0 sucesso(s) (0.00%),
2025-10-31 04:05:44 - INFO - 200 falha(s) (100.00%).
2025-10-31 04:05:44 - INFO - --- Detalhamento dos erros: ---
2025-10-31 04:05:44 - INFO - * HTTP: 200 (403 Forbidden: 0, 429 Too Many Requests: 200)
2025-10-31 04:05:44 - INFO - * Timeout: 0
2025-10-31 04:05:44 - INFO - * Ausentes: 0
2025-10-31 04:05:44 - INFO - * Outros: 0
2025-10-31 04:05:44 - INFO - Aguardando 120s antes do próximo batch...

2025-10-31 04:07:44 - INFO - Batch 138/1358 - Processando itens 27401 a 27600 (200 itens)...
2025-10-31 04:07:44 - INFO - Iniciando busca de 'DETALHES' assíncrona para 200 AppIDs com concorrência 1...
2025-10-31 04:09:03 - INFO - Busca assíncrona concluída.
2025-10-31 04:09:03 - INFO - --- Busca concluída: ---
2025-10-31 04:09:03 - INFO - 177 sucesso(s) (88.50%),
2025-10-31 04:09:03 - INFO - 23 falha(s) (11.50%).
2025-10-31 04:09:03 - INFO - --- Detalhamento dos erros: ---
2025-10-31 04:09:03 - INFO - * HTTP: 0 (403 Forbidden: 0, 429 Too Many Requests: 0)
2025-10-31 04:09:03 - INFO - * Timeout: 0
2025-10-31 04:09:03 - INFO - * Ausentes: 23
2025-10-31 04:09:03 - INFO - * Outros: 0
2025-10-31 04:09:03 - INFO - Aguardando 120s antes do próximo batch...

2025-10-31 04:11:03 - INFO - Batch 139/1358 - Processando itens 27601 a 27800 (200 itens)...
2025-10-31 04:11:03 - INFO - Iniciando busca de 'DETALHES' assíncrona para 200 AppIDs com concorrência 1...
2025-10-31 04:12:14 - INFO - Busca assíncrona concluída.
2025-10-31 04:12:14 - INFO - --- Busca concluída: ---
2025-10-31 04:12:14 - INFO - 0 sucesso(s) (0.00%),
2025-10-31 04:12:14 - INFO - 200 falha(s) (100.00%).
2025-10-31 04:12:14 - INFO - --- Detalhamento dos erros: ---
2025-10-31 04:12:14 - INFO - * HTTP: 200 (403 Forbidden: 0, 429 Too Many Requests: 200)
2025-10-31 04:12:14 - INFO - * Timeout: 0
2025-10-31 04:12:14 - INFO - * Ausentes: 0
2025-10-31 04:12:14 - INFO - * Outros: 0
2025-10-31 04:12:14 - INFO - Aguardando 120s antes do próximo batch...

2025-10-31 04:14:14 - INFO - Batch 140/1358 - Processando itens 27801 a 28000 (200 itens)...
2025-10-31 04:14:14 - INFO - Iniciando busca de 'DETALHES' assíncrona para 200 AppIDs com concorrência 1...
2025-10-31 04:15:35 - INFO - Busca assíncrona concluída.
2025-10-31 04:15:35 - INFO - --- Busca concluída: ---
2025-10-31 04:15:35 - INFO - 176 sucesso(s) (88.00%),
2025-10-31 04:15:35 - INFO - 24 falha(s) (12.00%).
2025-10-31 04:15:35 - INFO - --- Detalhamento dos erros: ---
2025-10-31 04:15:35 - INFO - * HTTP: 0 (403 Forbidden: 0, 429 Too Many Requests: 0)
2025-10-31 04:15:35 - INFO - * Timeout: 0
2025-10-31 04:15:35 - INFO - * Ausentes: 24
2025-10-31 04:15:35 - INFO - * Outros: 0
2025-10-31 04:15:35 - INFO - Aguardando 120s antes do próximo batch...

2025-10-31 04:17:35 - INFO - Batch 141/1358 - Processando itens 28001 a 28200 (200 itens)...
2025-10-31 04:17:35 - INFO - Iniciando busca de 'DETALHES' assíncrona para 200 AppIDs com concorrência 1...
2025-10-31 04:18:47 - INFO - Busca assíncrona concluída.
2025-10-31 04:18:47 - INFO - --- Busca concluída: ---
2025-10-31 04:18:47 - INFO - 0 sucesso(s) (0.00%),
2025-10-31 04:18:47 - INFO - 200 falha(s) (100.00%).
2025-10-31 04:18:47 - INFO - --- Detalhamento dos erros: ---
2025-10-31 04:18:47 - INFO - * HTTP: 200 (403 Forbidden: 0, 429 Too Many Requests: 200)
2025-10-31 04:18:47 - INFO - * Timeout: 0
2025-10-31 04:18:47 - INFO - * Ausentes: 0
2025-10-31 04:18:47 - INFO - * Outros: 0
2025-10-31 04:18:47 - INFO - Aguardando 120s antes do próximo batch...

2025-10-31 04:20:47 - INFO - Batch 142/1358 - Processando itens 28201 a 28400 (200 itens)...
2025-10-31 04:20:47 - INFO - Iniciando busca de 'DETALHES' assíncrona para 200 AppIDs com concorrência 1...
2025-10-31 04:22:06 - INFO - Busca assíncrona concluída.
2025-10-31 04:22:06 - INFO - --- Busca concluída: ---
2025-10-31 04:22:06 - INFO - 153 sucesso(s) (76.50%),
2025-10-31 04:22:06 - INFO - 47 falha(s) (23.50%).
2025-10-31 04:22:06 - INFO - --- Detalhamento dos erros: ---
2025-10-31 04:22:06 - INFO - * HTTP: 0 (403 Forbidden: 0, 429 Too Many Requests: 0)
2025-10-31 04:22:06 - INFO - * Timeout: 0
2025-10-31 04:22:06 - INFO - * Ausentes: 47
2025-10-31 04:22:06 - INFO - * Outros: 0
2025-10-31 04:22:06 - INFO - Aguardando 120s antes do próximo batch...

2025-10-31 04:24:06 - INFO - Batch 143/1358 - Processando itens 28401 a 28600 (200 itens)...
2025-10-31 04:24:06 - INFO - Iniciando busca de 'DETALHES' assíncrona para 200 AppIDs com concorrência 1...
2025-10-31 04:25:26 - INFO - Busca assíncrona concluída.
2025-10-31 04:25:26 - INFO - --- Busca concluída: ---
2025-10-31 04:25:26 - INFO - 0 sucesso(s) (0.00%),
2025-10-31 04:25:26 - INFO - 200 falha(s) (100.00%).
2025-10-31 04:25:26 - INFO - --- Detalhamento dos erros: ---
2025-10-31 04:25:26 - INFO - * HTTP: 200 (403 Forbidden: 0, 429 Too Many Requests: 200)
2025-10-31 04:25:26 - INFO - * Timeout: 0
2025-10-31 04:25:26 - INFO - * Ausentes: 0
2025-10-31 04:25:26 - INFO - * Outros: 0
2025-10-31 04:25:26 - INFO - Aguardando 120s antes do próximo batch...

2025-10-31 04:27:26 - INFO - Batch 144/1358 - Processando itens 28601 a 28800 (200 itens)...
2025-10-31 04:27:26 - INFO - Iniciando busca de 'DETALHES' assíncrona para 200 AppIDs com concorrência 1...
2025-10-31 04:28:49 - INFO - Busca assíncrona concluída.
2025-10-31 04:28:49 - INFO - --- Busca concluída: ---
2025-10-31 04:28:49 - INFO - 98 sucesso(s) (49.00%),
2025-10-31 04:28:49 - INFO - 102 falha(s) (51.00%).
2025-10-31 04:28:49 - INFO - --- Detalhamento dos erros: ---
2025-10-31 04:28:49 - INFO - * HTTP: 0 (403 Forbidden: 0, 429 Too Many Requests: 0)
2025-10-31 04:28:49 - INFO - * Timeout: 0
2025-10-31 04:28:49 - INFO - * Ausentes: 102
2025-10-31 04:28:49 - INFO - * Outros: 0
2025-10-31 04:28:49 - INFO - Aguardando 120s antes do próximo batch...

2025-10-31 04:30:49 - INFO - Batch 145/1358 - Processando itens 28801 a 29000 (200 itens)...
2025-10-31 04:30:49 - INFO - Iniciando busca de 'DETALHES' assíncrona para 200 AppIDs com concorrência 1...
2025-10-31 04:32:02 - INFO - Busca assíncrona concluída.
2025-10-31 04:32:02 - INFO - --- Busca concluída: ---
2025-10-31 04:32:02 - INFO - 0 sucesso(s) (0.00%),
2025-10-31 04:32:02 - INFO - 200 falha(s) (100.00%).
2025-10-31 04:32:02 - INFO - --- Detalhamento dos erros: ---
2025-10-31 04:32:02 - INFO - * HTTP: 200 (403 Forbidden: 0, 429 Too Many Requests: 200)
2025-10-31 04:32:02 - INFO - * Timeout: 0
2025-10-31 04:32:02 - INFO - * Ausentes: 0
2025-10-31 04:32:02 - INFO - * Outros: 0
2025-10-31 04:32:02 - INFO - Aguardando 120s antes do próximo batch...

2025-10-31 04:34:02 - INFO - Batch 146/1358 - Processando itens 29001 a 29200 (200 itens)...
2025-10-31 04:34:02 - INFO - Iniciando busca de 'DETALHES' assíncrona para 200 AppIDs com concorrência 1...
2025-10-31 04:35:28 - INFO - Busca assíncrona concluída.
2025-10-31 04:35:28 - INFO - --- Busca concluída: ---
2025-10-31 04:35:28 - INFO - 174 sucesso(s) (87.00%),
2025-10-31 04:35:28 - INFO - 26 falha(s) (13.00%).
2025-10-31 04:35:28 - INFO - --- Detalhamento dos erros: ---
2025-10-31 04:35:28 - INFO - * HTTP: 0 (403 Forbidden: 0, 429 Too Many Requests: 0)
2025-10-31 04:35:28 - INFO - * Timeout: 0
2025-10-31 04:35:28 - INFO - * Ausentes: 26
2025-10-31 04:35:28 - INFO - * Outros: 0
2025-10-31 04:35:28 - INFO - Aguardando 120s antes do próximo batch...

2025-10-31 04:37:28 - INFO - Batch 147/1358 - Processando itens 29201 a 29400 (200 itens)...
2025-10-31 04:37:28 - INFO - Iniciando busca de 'DETALHES' assíncrona para 200 AppIDs com concorrência 1...
2025-10-31 04:38:41 - INFO - Busca assíncrona concluída.
2025-10-31 04:38:41 - INFO - --- Busca concluída: ---
2025-10-31 04:38:41 - INFO - 0 sucesso(s) (0.00%),
2025-10-31 04:38:41 - INFO - 200 falha(s) (100.00%).
2025-10-31 04:38:41 - INFO - --- Detalhamento dos erros: ---
2025-10-31 04:38:41 - INFO - * HTTP: 200 (403 Forbidden: 0, 429 Too Many Requests: 200)
2025-10-31 04:38:41 - INFO - * Timeout: 0
2025-10-31 04:38:41 - INFO - * Ausentes: 0
2025-10-31 04:38:41 - INFO - * Outros: 0
2025-10-31 04:38:41 - INFO - Aguardando 120s antes do próximo batch...

2025-10-31 04:40:41 - INFO - Batch 148/1358 - Processando itens 29401 a 29600 (200 itens)...
2025-10-31 04:40:41 - INFO - Iniciando busca de 'DETALHES' assíncrona para 200 AppIDs com concorrência 1...
2025-10-31 04:41:59 - INFO - Busca assíncrona concluída.
2025-10-31 04:41:59 - INFO - --- Busca concluída: ---
2025-10-31 04:41:59 - INFO - 105 sucesso(s) (52.50%),
2025-10-31 04:41:59 - INFO - 95 falha(s) (47.50%).
2025-10-31 04:41:59 - INFO - --- Detalhamento dos erros: ---
2025-10-31 04:41:59 - INFO - * HTTP: 0 (403 Forbidden: 0, 429 Too Many Requests: 0)
2025-10-31 04:41:59 - INFO - * Timeout: 0
2025-10-31 04:41:59 - INFO - * Ausentes: 95
2025-10-31 04:41:59 - INFO - * Outros: 0
2025-10-31 04:41:59 - INFO - Aguardando 120s antes do próximo batch...

2025-10-31 04:43:59 - INFO - Batch 149/1358 - Processando itens 29601 a 29800 (200 itens)...
2025-10-31 04:43:59 - INFO - Iniciando busca de 'DETALHES' assíncrona para 200 AppIDs com concorrência 1...
2025-10-31 04:45:19 - INFO - Busca assíncrona concluída.
2025-10-31 04:45:19 - INFO - --- Busca concluída: ---
2025-10-31 04:45:19 - INFO - 0 sucesso(s) (0.00%),
2025-10-31 04:45:19 - INFO - 200 falha(s) (100.00%).
2025-10-31 04:45:19 - INFO - --- Detalhamento dos erros: ---
2025-10-31 04:45:19 - INFO - * HTTP: 200 (403 Forbidden: 0, 429 Too Many Requests: 200)
2025-10-31 04:45:19 - INFO - * Timeout: 0
2025-10-31 04:45:19 - INFO - * Ausentes: 0
2025-10-31 04:45:19 - INFO - * Outros: 0
2025-10-31 04:45:19 - INFO - Aguardando 120s antes do próximo batch...

2025-10-31 04:47:19 - INFO - Batch 150/1358 - Processando itens 29801 a 30000 (200 itens)...
2025-10-31 04:47:19 - INFO - Iniciando busca de 'DETALHES' assíncrona para 200 AppIDs com concorrência 1...
2025-10-31 04:48:38 - INFO - Busca assíncrona concluída.
2025-10-31 04:48:38 - INFO - --- Busca concluída: ---
2025-10-31 04:48:38 - INFO - 171 sucesso(s) (85.50%),
2025-10-31 04:48:38 - INFO - 29 falha(s) (14.50%).
2025-10-31 04:48:38 - INFO - --- Detalhamento dos erros: ---
2025-10-31 04:48:38 - INFO - * HTTP: 0 (403 Forbidden: 0, 429 Too Many Requests: 0)
2025-10-31 04:48:38 - INFO - * Timeout: 0
2025-10-31 04:48:38 - INFO - * Ausentes: 29
2025-10-31 04:48:38 - INFO - * Outros: 0
2025-10-31 04:48:38 - INFO - Aguardando 120s antes do próximo batch...

2025-10-31 04:50:38 - INFO - Batch 151/1358 - Processando itens 30001 a 30200 (200 itens)...
2025-10-31 04:50:38 - INFO - Iniciando busca de 'DETALHES' assíncrona para 200 AppIDs com concorrência 1...
2025-10-31 04:51:51 - INFO - Busca assíncrona concluída.
2025-10-31 04:51:51 - INFO - --- Busca concluída: ---
2025-10-31 04:51:51 - INFO - 0 sucesso(s) (0.00%),
2025-10-31 04:51:51 - INFO - 200 falha(s) (100.00%).
2025-10-31 04:51:51 - INFO - --- Detalhamento dos erros: ---
2025-10-31 04:51:51 - INFO - * HTTP: 200 (403 Forbidden: 0, 429 Too Many Requests: 200)
2025-10-31 04:51:51 - INFO - * Timeout: 0
2025-10-31 04:51:51 - INFO - * Ausentes: 0
2025-10-31 04:51:51 - INFO - * Outros: 0
2025-10-31 04:51:51 - INFO - Aguardando 120s antes do próximo batch...

2025-10-31 04:53:51 - INFO - Batch 152/1358 - Processando itens 30201 a 30400 (200 itens)...
2025-10-31 04:53:51 - INFO - Iniciando busca de 'DETALHES' assíncrona para 200 AppIDs com concorrência 1...
2025-10-31 04:55:12 - INFO - Busca assíncrona concluída.
2025-10-31 04:55:12 - INFO - --- Busca concluída: ---
2025-10-31 04:55:12 - INFO - 192 sucesso(s) (96.00%),
2025-10-31 04:55:12 - INFO - 8 falha(s) (4.00%).
2025-10-31 04:55:12 - INFO - --- Detalhamento dos erros: ---
2025-10-31 04:55:12 - INFO - * HTTP: 0 (403 Forbidden: 0, 429 Too Many Requests: 0)
2025-10-31 04:55:12 - INFO - * Timeout: 0
2025-10-31 04:55:12 - INFO - * Ausentes: 8
2025-10-31 04:55:12 - INFO - * Outros: 0
2025-10-31 04:55:12 - INFO - Aguardando 120s antes do próximo batch...

2025-10-31 04:57:12 - INFO - Batch 153/1358 - Processando itens 30401 a 30600 (200 itens)...
2025-10-31 04:57:12 - INFO - Iniciando busca de 'DETALHES' assíncrona para 200 AppIDs com concorrência 1...
2025-10-31 04:58:23 - INFO - Busca assíncrona concluída.
2025-10-31 04:58:23 - INFO - --- Busca concluída: ---
2025-10-31 04:58:23 - INFO - 0 sucesso(s) (0.00%),
2025-10-31 04:58:23 - INFO - 200 falha(s) (100.00%).
2025-10-31 04:58:23 - INFO - --- Detalhamento dos erros: ---
2025-10-31 04:58:23 - INFO - * HTTP: 200 (403 Forbidden: 0, 429 Too Many Requests: 200)
2025-10-31 04:58:23 - INFO - * Timeout: 0
2025-10-31 04:58:23 - INFO - * Ausentes: 0
2025-10-31 04:58:23 - INFO - * Outros: 0
2025-10-31 04:58:23 - INFO - Aguardando 120s antes do próximo batch...

2025-10-31 05:00:23 - INFO - Batch 154/1358 - Processando itens 30601 a 30800 (200 itens)...
2025-10-31 05:00:23 - INFO - Iniciando busca de 'DETALHES' assíncrona para 200 AppIDs com concorrência 1...
2025-10-31 05:01:43 - INFO - Busca assíncrona concluída.
2025-10-31 05:01:43 - INFO - --- Busca concluída: ---
2025-10-31 05:01:43 - INFO - 177 sucesso(s) (88.50%),
2025-10-31 05:01:43 - INFO - 23 falha(s) (11.50%).
2025-10-31 05:01:43 - INFO - --- Detalhamento dos erros: ---
2025-10-31 05:01:43 - INFO - * HTTP: 0 (403 Forbidden: 0, 429 Too Many Requests: 0)
2025-10-31 05:01:43 - INFO - * Timeout: 0
2025-10-31 05:01:43 - INFO - * Ausentes: 23
2025-10-31 05:01:43 - INFO - * Outros: 0
2025-10-31 05:01:43 - INFO - Aguardando 120s antes do próximo batch...

2025-10-31 05:03:43 - INFO - Batch 155/1358 - Processando itens 30801 a 31000 (200 itens)...
2025-10-31 05:03:43 - INFO - Iniciando busca de 'DETALHES' assíncrona para 200 AppIDs com concorrência 1...
2025-10-31 05:05:03 - INFO - Busca assíncrona concluída.
2025-10-31 05:05:03 - INFO - --- Busca concluída: ---
2025-10-31 05:05:03 - INFO - 0 sucesso(s) (0.00%),
2025-10-31 05:05:03 - INFO - 200 falha(s) (100.00%).
2025-10-31 05:05:03 - INFO - --- Detalhamento dos erros: ---
2025-10-31 05:05:03 - INFO - * HTTP: 200 (403 Forbidden: 0, 429 Too Many Requests: 200)
2025-10-31 05:05:03 - INFO - * Timeout: 0
2025-10-31 05:05:03 - INFO - * Ausentes: 0
2025-10-31 05:05:03 - INFO - * Outros: 0
2025-10-31 05:05:03 - INFO - Aguardando 120s antes do próximo batch...

2025-10-31 05:07:03 - INFO - Batch 156/1358 - Processando itens 31001 a 31200 (200 itens)...
2025-10-31 05:07:03 - INFO - Iniciando busca de 'DETALHES' assíncrona para 200 AppIDs com concorrência 1...
2025-10-31 05:08:30 - INFO - Busca assíncrona concluída.
2025-10-31 05:08:30 - INFO - --- Busca concluída: ---
2025-10-31 05:08:30 - INFO - 165 sucesso(s) (82.50%),
2025-10-31 05:08:30 - INFO - 35 falha(s) (17.50%).
2025-10-31 05:08:30 - INFO - --- Detalhamento dos erros: ---
2025-10-31 05:08:30 - INFO - * HTTP: 0 (403 Forbidden: 0, 429 Too Many Requests: 0)
2025-10-31 05:08:30 - INFO - * Timeout: 0
2025-10-31 05:08:30 - INFO - * Ausentes: 35
2025-10-31 05:08:30 - INFO - * Outros: 0
2025-10-31 05:08:30 - INFO - Aguardando 120s antes do próximo batch...

2025-10-31 05:10:30 - INFO - Batch 157/1358 - Processando itens 31201 a 31400 (200 itens)...
2025-10-31 05:10:30 - INFO - Iniciando busca de 'DETALHES' assíncrona para 200 AppIDs com concorrência 1...
2025-10-31 05:11:41 - INFO - Busca assíncrona concluída.
2025-10-31 05:11:41 - INFO - --- Busca concluída: ---
2025-10-31 05:11:41 - INFO - 0 sucesso(s) (0.00%),
2025-10-31 05:11:41 - INFO - 200 falha(s) (100.00%).
2025-10-31 05:11:41 - INFO - --- Detalhamento dos erros: ---
2025-10-31 05:11:41 - INFO - * HTTP: 200 (403 Forbidden: 0, 429 Too Many Requests: 200)
2025-10-31 05:11:41 - INFO - * Timeout: 0
2025-10-31 05:11:41 - INFO - * Ausentes: 0
2025-10-31 05:11:41 - INFO - * Outros: 0
2025-10-31 05:11:41 - INFO - Aguardando 120s antes do próximo batch...

2025-10-31 05:13:41 - INFO - Batch 158/1358 - Processando itens 31401 a 31600 (200 itens)...
2025-10-31 05:13:41 - INFO - Iniciando busca de 'DETALHES' assíncrona para 200 AppIDs com concorrência 1...
2025-10-31 05:15:00 - INFO - Busca assíncrona concluída.
2025-10-31 05:15:00 - INFO - --- Busca concluída: ---
2025-10-31 05:15:00 - INFO - 188 sucesso(s) (94.00%),
2025-10-31 05:15:00 - INFO - 12 falha(s) (6.00%).
2025-10-31 05:15:00 - INFO - --- Detalhamento dos erros: ---
2025-10-31 05:15:00 - INFO - * HTTP: 0 (403 Forbidden: 0, 429 Too Many Requests: 0)
2025-10-31 05:15:00 - INFO - * Timeout: 0
2025-10-31 05:15:00 - INFO - * Ausentes: 12
2025-10-31 05:15:00 - INFO - * Outros: 0
2025-10-31 05:15:00 - INFO - Aguardando 120s antes do próximo batch...

2025-10-31 05:17:00 - INFO - Batch 159/1358 - Processando itens 31601 a 31800 (200 itens)...
2025-10-31 05:17:00 - INFO - Iniciando busca de 'DETALHES' assíncrona para 200 AppIDs com concorrência 1...
2025-10-31 05:18:20 - INFO - Busca assíncrona concluída.
2025-10-31 05:18:20 - INFO - --- Busca concluída: ---
2025-10-31 05:18:20 - INFO - 0 sucesso(s) (0.00%),
2025-10-31 05:18:20 - INFO - 200 falha(s) (100.00%).
2025-10-31 05:18:20 - INFO - --- Detalhamento dos erros: ---
2025-10-31 05:18:20 - INFO - * HTTP: 200 (403 Forbidden: 0, 429 Too Many Requests: 200)
2025-10-31 05:18:20 - INFO - * Timeout: 0
2025-10-31 05:18:20 - INFO - * Ausentes: 0
2025-10-31 05:18:20 - INFO - * Outros: 0
2025-10-31 05:18:20 - INFO - Aguardando 120s antes do próximo batch...

2025-10-31 05:20:20 - INFO - Batch 160/1358 - Processando itens 31801 a 32000 (200 itens)...
2025-10-31 05:20:20 - INFO - Iniciando busca de 'DETALHES' assíncrona para 200 AppIDs com concorrência 1...
2025-10-31 05:21:38 - INFO - Busca assíncrona concluída.
2025-10-31 05:21:38 - INFO - --- Busca concluída: ---
2025-10-31 05:21:38 - INFO - 89 sucesso(s) (44.50%),
2025-10-31 05:21:38 - INFO - 111 falha(s) (55.50%).
2025-10-31 05:21:38 - INFO - --- Detalhamento dos erros: ---
2025-10-31 05:21:38 - INFO - * HTTP: 0 (403 Forbidden: 0, 429 Too Many Requests: 0)
2025-10-31 05:21:38 - INFO - * Timeout: 0
2025-10-31 05:21:38 - INFO - * Ausentes: 111
2025-10-31 05:21:38 - INFO - * Outros: 0
2025-10-31 05:21:38 - INFO - Aguardando 120s antes do próximo batch...

2025-10-31 05:23:38 - INFO - Batch 161/1358 - Processando itens 32001 a 32200 (200 itens)...
2025-10-31 05:23:38 - INFO - Iniciando busca de 'DETALHES' assíncrona para 200 AppIDs com concorrência 1...
2025-10-31 05:24:50 - INFO - Busca assíncrona concluída.
2025-10-31 05:24:50 - INFO - --- Busca concluída: ---
2025-10-31 05:24:50 - INFO - 0 sucesso(s) (0.00%),
2025-10-31 05:24:50 - INFO - 200 falha(s) (100.00%).
2025-10-31 05:24:50 - INFO - --- Detalhamento dos erros: ---
2025-10-31 05:24:50 - INFO - * HTTP: 200 (403 Forbidden: 0, 429 Too Many Requests: 200)
2025-10-31 05:24:50 - INFO - * Timeout: 0
2025-10-31 05:24:50 - INFO - * Ausentes: 0
2025-10-31 05:24:50 - INFO - * Outros: 0
2025-10-31 05:24:50 - INFO - Aguardando 120s antes do próximo batch...

2025-10-31 05:26:50 - INFO - Batch 162/1358 - Processando itens 32201 a 32400 (200 itens)...
2025-10-31 05:26:50 - INFO - Iniciando busca de 'DETALHES' assíncrona para 200 AppIDs com concorrência 1...
2025-10-31 05:28:09 - INFO - Busca assíncrona concluída.
2025-10-31 05:28:09 - INFO - --- Busca concluída: ---
2025-10-31 05:28:09 - INFO - 179 sucesso(s) (89.50%),
2025-10-31 05:28:09 - INFO - 21 falha(s) (10.50%).
2025-10-31 05:28:09 - INFO - --- Detalhamento dos erros: ---
2025-10-31 05:28:09 - INFO - * HTTP: 0 (403 Forbidden: 0, 429 Too Many Requests: 0)
2025-10-31 05:28:09 - INFO - * Timeout: 0
2025-10-31 05:28:09 - INFO - * Ausentes: 21
2025-10-31 05:28:09 - INFO - * Outros: 0
2025-10-31 05:28:09 - INFO - Aguardando 120s antes do próximo batch...

2025-10-31 05:30:09 - INFO - Batch 163/1358 - Processando itens 32401 a 32600 (200 itens)...
2025-10-31 05:30:09 - INFO - Iniciando busca de 'DETALHES' assíncrona para 200 AppIDs com concorrência 1...
2025-10-31 05:31:21 - INFO - Busca assíncrona concluída.
2025-10-31 05:31:21 - INFO - --- Busca concluída: ---
2025-10-31 05:31:21 - INFO - 0 sucesso(s) (0.00%),
2025-10-31 05:31:21 - INFO - 200 falha(s) (100.00%).
2025-10-31 05:31:21 - INFO - --- Detalhamento dos erros: ---
2025-10-31 05:31:21 - INFO - * HTTP: 200 (403 Forbidden: 0, 429 Too Many Requests: 200)
2025-10-31 05:31:21 - INFO - * Timeout: 0
2025-10-31 05:31:21 - INFO - * Ausentes: 0
2025-10-31 05:31:21 - INFO - * Outros: 0
2025-10-31 05:31:21 - INFO - Aguardando 120s antes do próximo batch...

2025-10-31 05:33:21 - INFO - Batch 164/1358 - Processando itens 32601 a 32800 (200 itens)...
2025-10-31 05:33:21 - INFO - Iniciando busca de 'DETALHES' assíncrona para 200 AppIDs com concorrência 1...
2025-10-31 05:34:44 - INFO - Busca assíncrona concluída.
2025-10-31 05:34:44 - INFO - --- Busca concluída: ---
2025-10-31 05:34:44 - INFO - 194 sucesso(s) (97.00%),
2025-10-31 05:34:44 - INFO - 6 falha(s) (3.00%).
2025-10-31 05:34:44 - INFO - --- Detalhamento dos erros: ---
2025-10-31 05:34:44 - INFO - * HTTP: 0 (403 Forbidden: 0, 429 Too Many Requests: 0)
2025-10-31 05:34:44 - INFO - * Timeout: 0
2025-10-31 05:34:44 - INFO - * Ausentes: 6
2025-10-31 05:34:44 - INFO - * Outros: 0
2025-10-31 05:34:44 - INFO - Aguardando 120s antes do próximo batch...

2025-10-31 05:36:44 - INFO - Batch 165/1358 - Processando itens 32801 a 33000 (200 itens)...
2025-10-31 05:36:44 - INFO - Iniciando busca de 'DETALHES' assíncrona para 200 AppIDs com concorrência 1...
2025-10-31 05:38:01 - INFO - Busca assíncrona concluída.
2025-10-31 05:38:01 - INFO - --- Busca concluída: ---
2025-10-31 05:38:01 - INFO - 0 sucesso(s) (0.00%),
2025-10-31 05:38:01 - INFO - 200 falha(s) (100.00%).
2025-10-31 05:38:01 - INFO - --- Detalhamento dos erros: ---
2025-10-31 05:38:01 - INFO - * HTTP: 200 (403 Forbidden: 0, 429 Too Many Requests: 200)
2025-10-31 05:38:01 - INFO - * Timeout: 0
2025-10-31 05:38:01 - INFO - * Ausentes: 0
2025-10-31 05:38:01 - INFO - * Outros: 0
2025-10-31 05:38:01 - INFO - Aguardando 120s antes do próximo batch...

2025-10-31 05:40:01 - INFO - Batch 166/1358 - Processando itens 33001 a 33200 (200 itens)...
2025-10-31 05:40:01 - INFO - Iniciando busca de 'DETALHES' assíncrona para 200 AppIDs com concorrência 1...
2025-10-31 05:41:26 - INFO - Busca assíncrona concluída.
2025-10-31 05:41:26 - INFO - --- Busca concluída: ---
2025-10-31 05:41:26 - INFO - 114 sucesso(s) (57.00%),
2025-10-31 05:41:26 - INFO - 86 falha(s) (43.00%).
2025-10-31 05:41:26 - INFO - --- Detalhamento dos erros: ---
2025-10-31 05:41:26 - INFO - * HTTP: 0 (403 Forbidden: 0, 429 Too Many Requests: 0)
2025-10-31 05:41:26 - INFO - * Timeout: 0
2025-10-31 05:41:26 - INFO - * Ausentes: 86
2025-10-31 05:41:26 - INFO - * Outros: 0
2025-10-31 05:41:26 - INFO - Aguardando 120s antes do próximo batch...

2025-10-31 05:43:26 - INFO - Batch 167/1358 - Processando itens 33201 a 33400 (200 itens)...
2025-10-31 05:43:26 - INFO - Iniciando busca de 'DETALHES' assíncrona para 200 AppIDs com concorrência 1...
2025-10-31 05:44:45 - INFO - Busca assíncrona concluída.
2025-10-31 05:44:45 - INFO - --- Busca concluída: ---
2025-10-31 05:44:45 - INFO - 0 sucesso(s) (0.00%),
2025-10-31 05:44:45 - INFO - 200 falha(s) (100.00%).
2025-10-31 05:44:45 - INFO - --- Detalhamento dos erros: ---
2025-10-31 05:44:45 - INFO - * HTTP: 200 (403 Forbidden: 0, 429 Too Many Requests: 200)
2025-10-31 05:44:45 - INFO - * Timeout: 0
2025-10-31 05:44:45 - INFO - * Ausentes: 0
2025-10-31 05:44:45 - INFO - * Outros: 0
2025-10-31 05:44:45 - INFO - Aguardando 120s antes do próximo batch...

2025-10-31 05:46:45 - INFO - Batch 168/1358 - Processando itens 33401 a 33600 (200 itens)...
2025-10-31 05:46:45 - INFO - Iniciando busca de 'DETALHES' assíncrona para 200 AppIDs com concorrência 1...
2025-10-31 05:48:04 - INFO - Busca assíncrona concluída.
2025-10-31 05:48:04 - INFO - --- Busca concluída: ---
2025-10-31 05:48:04 - INFO - 176 sucesso(s) (88.00%),
2025-10-31 05:48:04 - INFO - 24 falha(s) (12.00%).
2025-10-31 05:48:04 - INFO - --- Detalhamento dos erros: ---
2025-10-31 05:48:04 - INFO - * HTTP: 0 (403 Forbidden: 0, 429 Too Many Requests: 0)
2025-10-31 05:48:04 - INFO - * Timeout: 0
2025-10-31 05:48:04 - INFO - * Ausentes: 24
2025-10-31 05:48:04 - INFO - * Outros: 0
2025-10-31 05:48:04 - INFO - Aguardando 120s antes do próximo batch...

2025-10-31 05:50:04 - INFO - Batch 169/1358 - Processando itens 33601 a 33800 (200 itens)...
2025-10-31 05:50:04 - INFO - Iniciando busca de 'DETALHES' assíncrona para 200 AppIDs com concorrência 1...
2025-10-31 05:51:16 - INFO - Busca assíncrona concluída.
2025-10-31 05:51:16 - INFO - --- Busca concluída: ---
2025-10-31 05:51:16 - INFO - 0 sucesso(s) (0.00%),
2025-10-31 05:51:16 - INFO - 200 falha(s) (100.00%).
2025-10-31 05:51:16 - INFO - --- Detalhamento dos erros: ---
2025-10-31 05:51:16 - INFO - * HTTP: 200 (403 Forbidden: 0, 429 Too Many Requests: 200)
2025-10-31 05:51:16 - INFO - * Timeout: 0
2025-10-31 05:51:16 - INFO - * Ausentes: 0
2025-10-31 05:51:16 - INFO - * Outros: 0
2025-10-31 05:51:16 - INFO - Aguardando 120s antes do próximo batch...

2025-10-31 05:53:16 - INFO - Batch 170/1358 - Processando itens 33801 a 34000 (200 itens)...
2025-10-31 05:53:16 - INFO - Iniciando busca de 'DETALHES' assíncrona para 200 AppIDs com concorrência 1...
2025-10-31 05:54:36 - INFO - Busca assíncrona concluída.
2025-10-31 05:54:36 - INFO - --- Busca concluída: ---
2025-10-31 05:54:36 - INFO - 192 sucesso(s) (96.00%),
2025-10-31 05:54:36 - INFO - 8 falha(s) (4.00%).
2025-10-31 05:54:36 - INFO - --- Detalhamento dos erros: ---
2025-10-31 05:54:36 - INFO - * HTTP: 0 (403 Forbidden: 0, 429 Too Many Requests: 0)
2025-10-31 05:54:36 - INFO - * Timeout: 0
2025-10-31 05:54:36 - INFO - * Ausentes: 8
2025-10-31 05:54:36 - INFO - * Outros: 0
2025-10-31 05:54:36 - INFO - Aguardando 120s antes do próximo batch...

2025-10-31 05:56:36 - INFO - Batch 171/1358 - Processando itens 34001 a 34200 (200 itens)...
2025-10-31 05:56:36 - INFO - Iniciando busca de 'DETALHES' assíncrona para 200 AppIDs com concorrência 1...
2025-10-31 05:57:55 - INFO - Busca assíncrona concluída.
2025-10-31 05:57:55 - INFO - --- Busca concluída: ---
2025-10-31 05:57:55 - INFO - 0 sucesso(s) (0.00%),
2025-10-31 05:57:55 - INFO - 200 falha(s) (100.00%).
2025-10-31 05:57:55 - INFO - --- Detalhamento dos erros: ---
2025-10-31 05:57:55 - INFO - * HTTP: 200 (403 Forbidden: 0, 429 Too Many Requests: 200)
2025-10-31 05:57:55 - INFO - * Timeout: 0
2025-10-31 05:57:55 - INFO - * Ausentes: 0
2025-10-31 05:57:55 - INFO - * Outros: 0
2025-10-31 05:57:55 - INFO - Aguardando 120s antes do próximo batch...

2025-10-31 05:59:55 - INFO - Batch 172/1358 - Processando itens 34201 a 34400 (200 itens)...
2025-10-31 05:59:55 - INFO - Iniciando busca de 'DETALHES' assíncrona para 200 AppIDs com concorrência 1...
2025-10-31 06:01:18 - INFO - Busca assíncrona concluída.
2025-10-31 06:01:18 - INFO - --- Busca concluída: ---
2025-10-31 06:01:18 - INFO - 157 sucesso(s) (78.50%),
2025-10-31 06:01:18 - INFO - 43 falha(s) (21.50%).
2025-10-31 06:01:18 - INFO - --- Detalhamento dos erros: ---
2025-10-31 06:01:18 - INFO - * HTTP: 0 (403 Forbidden: 0, 429 Too Many Requests: 0)
2025-10-31 06:01:18 - INFO - * Timeout: 0
2025-10-31 06:01:18 - INFO - * Ausentes: 43
2025-10-31 06:01:18 - INFO - * Outros: 0
2025-10-31 06:01:18 - INFO - Aguardando 120s antes do próximo batch...

2025-10-31 06:03:18 - INFO - Batch 173/1358 - Processando itens 34401 a 34600 (200 itens)...
2025-10-31 06:03:18 - INFO - Iniciando busca de 'DETALHES' assíncrona para 200 AppIDs com concorrência 1...
2025-10-31 06:04:29 - INFO - Busca assíncrona concluída.
2025-10-31 06:04:29 - INFO - --- Busca concluída: ---
2025-10-31 06:04:29 - INFO - 0 sucesso(s) (0.00%),
2025-10-31 06:04:29 - INFO - 200 falha(s) (100.00%).
2025-10-31 06:04:29 - INFO - --- Detalhamento dos erros: ---
2025-10-31 06:04:29 - INFO - * HTTP: 200 (403 Forbidden: 0, 429 Too Many Requests: 200)
2025-10-31 06:04:29 - INFO - * Timeout: 0
2025-10-31 06:04:29 - INFO - * Ausentes: 0
2025-10-31 06:04:29 - INFO - * Outros: 0
2025-10-31 06:04:29 - INFO - Aguardando 120s antes do próximo batch...

2025-10-31 06:06:29 - INFO - Batch 174/1358 - Processando itens 34601 a 34800 (200 itens)...
2025-10-31 06:06:29 - INFO - Iniciando busca de 'DETALHES' assíncrona para 200 AppIDs com concorrência 1...
2025-10-31 06:07:49 - INFO - Busca assíncrona concluída.
2025-10-31 06:07:49 - INFO - --- Busca concluída: ---
2025-10-31 06:07:49 - INFO - 162 sucesso(s) (81.00%),
2025-10-31 06:07:49 - INFO - 38 falha(s) (19.00%).
2025-10-31 06:07:49 - INFO - --- Detalhamento dos erros: ---
2025-10-31 06:07:49 - INFO - * HTTP: 0 (403 Forbidden: 0, 429 Too Many Requests: 0)
2025-10-31 06:07:49 - INFO - * Timeout: 0
2025-10-31 06:07:49 - INFO - * Ausentes: 38
2025-10-31 06:07:49 - INFO - * Outros: 0
2025-10-31 06:07:49 - INFO - Aguardando 120s antes do próximo batch...

2025-10-31 06:09:49 - INFO - Batch 175/1358 - Processando itens 34801 a 35000 (200 itens)...
2025-10-31 06:09:49 - INFO - Iniciando busca de 'DETALHES' assíncrona para 200 AppIDs com concorrência 1...
2025-10-31 06:11:00 - INFO - Busca assíncrona concluída.
2025-10-31 06:11:00 - INFO - --- Busca concluída: ---
2025-10-31 06:11:00 - INFO - 0 sucesso(s) (0.00%),
2025-10-31 06:11:00 - INFO - 200 falha(s) (100.00%).
2025-10-31 06:11:00 - INFO - --- Detalhamento dos erros: ---
2025-10-31 06:11:00 - INFO - * HTTP: 200 (403 Forbidden: 0, 429 Too Many Requests: 200)
2025-10-31 06:11:00 - INFO - * Timeout: 0
2025-10-31 06:11:00 - INFO - * Ausentes: 0
2025-10-31 06:11:00 - INFO - * Outros: 0
2025-10-31 06:11:00 - INFO - Aguardando 120s antes do próximo batch...

2025-10-31 06:13:00 - INFO - Batch 176/1358 - Processando itens 35001 a 35200 (200 itens)...
2025-10-31 06:13:00 - INFO - Iniciando busca de 'DETALHES' assíncrona para 200 AppIDs com concorrência 1...
2025-10-31 06:14:27 - INFO - Busca assíncrona concluída.
2025-10-31 06:14:27 - INFO - --- Busca concluída: ---
2025-10-31 06:14:27 - INFO - 192 sucesso(s) (96.00%),
2025-10-31 06:14:27 - INFO - 8 falha(s) (4.00%).
2025-10-31 06:14:27 - INFO - --- Detalhamento dos erros: ---
2025-10-31 06:14:27 - INFO - * HTTP: 0 (403 Forbidden: 0, 429 Too Many Requests: 0)
2025-10-31 06:14:27 - INFO - * Timeout: 0
2025-10-31 06:14:27 - INFO - * Ausentes: 8
2025-10-31 06:14:27 - INFO - * Outros: 0
2025-10-31 06:14:27 - INFO - Aguardando 120s antes do próximo batch...

2025-10-31 06:16:27 - INFO - Batch 177/1358 - Processando itens 35201 a 35400 (200 itens)...
2025-10-31 06:16:27 - INFO - Iniciando busca de 'DETALHES' assíncrona para 200 AppIDs com concorrência 1...
2025-10-31 06:17:38 - INFO - Busca assíncrona concluída.
2025-10-31 06:17:38 - INFO - --- Busca concluída: ---
2025-10-31 06:17:38 - INFO - 0 sucesso(s) (0.00%),
2025-10-31 06:17:38 - INFO - 200 falha(s) (100.00%).
2025-10-31 06:17:38 - INFO - --- Detalhamento dos erros: ---
2025-10-31 06:17:38 - INFO - * HTTP: 200 (403 Forbidden: 0, 429 Too Many Requests: 200)
2025-10-31 06:17:38 - INFO - * Timeout: 0
2025-10-31 06:17:38 - INFO - * Ausentes: 0
2025-10-31 06:17:38 - INFO - * Outros: 0
2025-10-31 06:17:38 - INFO - Aguardando 120s antes do próximo batch...

2025-10-31 06:19:38 - INFO - Batch 178/1358 - Processando itens 35401 a 35600 (200 itens)...
2025-10-31 06:19:38 - INFO - Iniciando busca de 'DETALHES' assíncrona para 200 AppIDs com concorrência 1...
2025-10-31 06:20:54 - INFO - Busca assíncrona concluída.
2025-10-31 06:20:54 - INFO - --- Busca concluída: ---
2025-10-31 06:20:54 - INFO - 177 sucesso(s) (88.50%),
2025-10-31 06:20:54 - INFO - 23 falha(s) (11.50%).
2025-10-31 06:20:54 - INFO - --- Detalhamento dos erros: ---
2025-10-31 06:20:54 - INFO - * HTTP: 0 (403 Forbidden: 0, 429 Too Many Requests: 0)
2025-10-31 06:20:54 - INFO - * Timeout: 0
2025-10-31 06:20:54 - INFO - * Ausentes: 23
2025-10-31 06:20:54 - INFO - * Outros: 0
2025-10-31 06:20:54 - INFO - Aguardando 120s antes do próximo batch...

2025-10-31 06:22:54 - INFO - Batch 179/1358 - Processando itens 35601 a 35800 (200 itens)...
2025-10-31 06:22:54 - INFO - Iniciando busca de 'DETALHES' assíncrona para 200 AppIDs com concorrência 1...
2025-10-31 06:24:08 - INFO - Busca assíncrona concluída.
2025-10-31 06:24:08 - INFO - --- Busca concluída: ---
2025-10-31 06:24:08 - INFO - 0 sucesso(s) (0.00%),
2025-10-31 06:24:08 - INFO - 200 falha(s) (100.00%).
2025-10-31 06:24:08 - INFO - --- Detalhamento dos erros: ---
2025-10-31 06:24:08 - INFO - * HTTP: 200 (403 Forbidden: 0, 429 Too Many Requests: 200)
2025-10-31 06:24:08 - INFO - * Timeout: 0
2025-10-31 06:24:08 - INFO - * Ausentes: 0
2025-10-31 06:24:08 - INFO - * Outros: 0
2025-10-31 06:24:08 - INFO - Aguardando 120s antes do próximo batch...

2025-10-31 06:26:08 - INFO - Batch 180/1358 - Processando itens 35801 a 36000 (200 itens)...
2025-10-31 06:26:08 - INFO - Iniciando busca de 'DETALHES' assíncrona para 200 AppIDs com concorrência 1...
2025-10-31 06:27:29 - INFO - Busca assíncrona concluída.
2025-10-31 06:27:29 - INFO - --- Busca concluída: ---
2025-10-31 06:27:29 - INFO - 186 sucesso(s) (93.00%),
2025-10-31 06:27:29 - INFO - 14 falha(s) (7.00%).
2025-10-31 06:27:29 - INFO - --- Detalhamento dos erros: ---
2025-10-31 06:27:29 - INFO - * HTTP: 0 (403 Forbidden: 0, 429 Too Many Requests: 0)
2025-10-31 06:27:29 - INFO - * Timeout: 0
2025-10-31 06:27:29 - INFO - * Ausentes: 14
2025-10-31 06:27:29 - INFO - * Outros: 0
2025-10-31 06:27:29 - INFO - Aguardando 120s antes do próximo batch...

2025-10-31 06:29:29 - INFO - Batch 181/1358 - Processando itens 36001 a 36200 (200 itens)...
2025-10-31 06:29:29 - INFO - Iniciando busca de 'DETALHES' assíncrona para 200 AppIDs com concorrência 1...
2025-10-31 06:30:48 - INFO - Busca assíncrona concluída.
2025-10-31 06:30:48 - INFO - --- Busca concluída: ---
2025-10-31 06:30:48 - INFO - 0 sucesso(s) (0.00%),
2025-10-31 06:30:48 - INFO - 200 falha(s) (100.00%).
2025-10-31 06:30:48 - INFO - --- Detalhamento dos erros: ---
2025-10-31 06:30:48 - INFO - * HTTP: 200 (403 Forbidden: 0, 429 Too Many Requests: 200)
2025-10-31 06:30:48 - INFO - * Timeout: 0
2025-10-31 06:30:48 - INFO - * Ausentes: 0
2025-10-31 06:30:48 - INFO - * Outros: 0
2025-10-31 06:30:48 - INFO - Aguardando 120s antes do próximo batch...

2025-10-31 06:32:48 - INFO - Batch 182/1358 - Processando itens 36201 a 36400 (200 itens)...
2025-10-31 06:32:48 - INFO - Iniciando busca de 'DETALHES' assíncrona para 200 AppIDs com concorrência 1...
2025-10-31 06:34:16 - INFO - Busca assíncrona concluída.
2025-10-31 06:34:16 - INFO - --- Busca concluída: ---
2025-10-31 06:34:16 - INFO - 197 sucesso(s) (98.50%),
2025-10-31 06:34:16 - INFO - 3 falha(s) (1.50%).
2025-10-31 06:34:16 - INFO - --- Detalhamento dos erros: ---
2025-10-31 06:34:16 - INFO - * HTTP: 0 (403 Forbidden: 0, 429 Too Many Requests: 0)
2025-10-31 06:34:16 - INFO - * Timeout: 0
2025-10-31 06:34:16 - INFO - * Ausentes: 3
2025-10-31 06:34:16 - INFO - * Outros: 0
2025-10-31 06:34:16 - INFO - Aguardando 120s antes do próximo batch...

2025-10-31 06:36:16 - INFO - Batch 183/1358 - Processando itens 36401 a 36600 (200 itens)...
2025-10-31 06:36:16 - INFO - Iniciando busca de 'DETALHES' assíncrona para 200 AppIDs com concorrência 1...
2025-10-31 06:37:35 - INFO - Busca assíncrona concluída.
2025-10-31 06:37:35 - INFO - --- Busca concluída: ---
2025-10-31 06:37:35 - INFO - 0 sucesso(s) (0.00%),
2025-10-31 06:37:35 - INFO - 200 falha(s) (100.00%).
2025-10-31 06:37:35 - INFO - --- Detalhamento dos erros: ---
2025-10-31 06:37:35 - INFO - * HTTP: 200 (403 Forbidden: 0, 429 Too Many Requests: 200)
2025-10-31 06:37:35 - INFO - * Timeout: 0
2025-10-31 06:37:35 - INFO - * Ausentes: 0
2025-10-31 06:37:35 - INFO - * Outros: 0
2025-10-31 06:37:35 - INFO - Aguardando 120s antes do próximo batch...

2025-10-31 06:39:35 - INFO - Batch 184/1358 - Processando itens 36601 a 36800 (200 itens)...
2025-10-31 06:39:35 - INFO - Iniciando busca de 'DETALHES' assíncrona para 200 AppIDs com concorrência 1...
2025-10-31 06:40:58 - INFO - Busca assíncrona concluída.
2025-10-31 06:40:58 - INFO - --- Busca concluída: ---
2025-10-31 06:40:58 - INFO - 190 sucesso(s) (95.00%),
2025-10-31 06:40:58 - INFO - 10 falha(s) (5.00%).
2025-10-31 06:40:58 - INFO - --- Detalhamento dos erros: ---
2025-10-31 06:40:58 - INFO - * HTTP: 0 (403 Forbidden: 0, 429 Too Many Requests: 0)
2025-10-31 06:40:58 - INFO - * Timeout: 0
2025-10-31 06:40:58 - INFO - * Ausentes: 10
2025-10-31 06:40:58 - INFO - * Outros: 0
2025-10-31 06:40:58 - INFO - Aguardando 120s antes do próximo batch...

2025-10-31 06:42:58 - INFO - Batch 185/1358 - Processando itens 36801 a 37000 (200 itens)...
2025-10-31 06:42:58 - INFO - Iniciando busca de 'DETALHES' assíncrona para 200 AppIDs com concorrência 1...
2025-10-31 06:44:10 - INFO - Busca assíncrona concluída.
2025-10-31 06:44:10 - INFO - --- Busca concluída: ---
2025-10-31 06:44:10 - INFO - 0 sucesso(s) (0.00%),
2025-10-31 06:44:10 - INFO - 200 falha(s) (100.00%).
2025-10-31 06:44:10 - INFO - --- Detalhamento dos erros: ---
2025-10-31 06:44:10 - INFO - * HTTP: 200 (403 Forbidden: 0, 429 Too Many Requests: 200)
2025-10-31 06:44:10 - INFO - * Timeout: 0
2025-10-31 06:44:10 - INFO - * Ausentes: 0
2025-10-31 06:44:10 - INFO - * Outros: 0
2025-10-31 06:44:10 - INFO - Aguardando 120s antes do próximo batch...

2025-10-31 06:46:10 - INFO - Batch 186/1358 - Processando itens 37001 a 37200 (200 itens)...
2025-10-31 06:46:10 - INFO - Iniciando busca de 'DETALHES' assíncrona para 200 AppIDs com concorrência 1...
2025-10-31 06:47:38 - INFO - Busca assíncrona concluída.
2025-10-31 06:47:38 - INFO - --- Busca concluída: ---
2025-10-31 06:47:38 - INFO - 178 sucesso(s) (89.00%),
2025-10-31 06:47:38 - INFO - 22 falha(s) (11.00%).
2025-10-31 06:47:38 - INFO - --- Detalhamento dos erros: ---
2025-10-31 06:47:38 - INFO - * HTTP: 0 (403 Forbidden: 0, 429 Too Many Requests: 0)
2025-10-31 06:47:38 - INFO - * Timeout: 0
2025-10-31 06:47:38 - INFO - * Ausentes: 20
2025-10-31 06:47:38 - INFO - * Outros: 0
2025-10-31 06:47:38 - INFO - Aguardando 120s antes do próximo batch...

2025-10-31 06:49:38 - INFO - Batch 187/1358 - Processando itens 37201 a 37400 (200 itens)...
2025-10-31 06:49:38 - INFO - Iniciando busca de 'DETALHES' assíncrona para 200 AppIDs com concorrência 1...
2025-10-31 06:50:53 - INFO - Busca assíncrona concluída.
2025-10-31 06:50:53 - INFO - --- Busca concluída: ---
2025-10-31 06:50:53 - INFO - 0 sucesso(s) (0.00%),
2025-10-31 06:50:53 - INFO - 200 falha(s) (100.00%).
2025-10-31 06:50:53 - INFO - --- Detalhamento dos erros: ---
2025-10-31 06:50:53 - INFO - * HTTP: 200 (403 Forbidden: 0, 429 Too Many Requests: 200)
2025-10-31 06:50:53 - INFO - * Timeout: 0
2025-10-31 06:50:53 - INFO - * Ausentes: 0
2025-10-31 06:50:53 - INFO - * Outros: 0
2025-10-31 06:50:53 - INFO - Aguardando 120s antes do próximo batch...

2025-10-31 06:52:54 - INFO - Batch 188/1358 - Processando itens 37401 a 37600 (200 itens)...
2025-10-31 06:52:54 - INFO - Iniciando busca de 'DETALHES' assíncrona para 200 AppIDs com concorrência 1...
2025-10-31 06:54:21 - INFO - Busca assíncrona concluída.
2025-10-31 06:54:21 - INFO - --- Busca concluída: ---
2025-10-31 06:54:21 - INFO - 196 sucesso(s) (98.00%),
2025-10-31 06:54:21 - INFO - 4 falha(s) (2.00%).
2025-10-31 06:54:21 - INFO - --- Detalhamento dos erros: ---
2025-10-31 06:54:21 - INFO - * HTTP: 0 (403 Forbidden: 0, 429 Too Many Requests: 0)
2025-10-31 06:54:21 - INFO - * Timeout: 0
2025-10-31 06:54:21 - INFO - * Ausentes: 4
2025-10-31 06:54:21 - INFO - * Outros: 0
2025-10-31 06:54:21 - INFO - Aguardando 120s antes do próximo batch...

2025-10-31 06:56:21 - INFO - Batch 189/1358 - Processando itens 37601 a 37800 (200 itens)...
2025-10-31 06:56:21 - INFO - Iniciando busca de 'DETALHES' assíncrona para 200 AppIDs com concorrência 1...
2025-10-31 06:57:34 - INFO - Busca assíncrona concluída.
2025-10-31 06:57:34 - INFO - --- Busca concluída: ---
2025-10-31 06:57:34 - INFO - 0 sucesso(s) (0.00%),
2025-10-31 06:57:34 - INFO - 200 falha(s) (100.00%).
2025-10-31 06:57:34 - INFO - --- Detalhamento dos erros: ---
2025-10-31 06:57:34 - INFO - * HTTP: 200 (403 Forbidden: 0, 429 Too Many Requests: 200)
2025-10-31 06:57:34 - INFO - * Timeout: 0
2025-10-31 06:57:34 - INFO - * Ausentes: 0
2025-10-31 06:57:34 - INFO - * Outros: 0
2025-10-31 06:57:34 - INFO - Aguardando 120s antes do próximo batch...

2025-10-31 06:59:34 - INFO - Batch 190/1358 - Processando itens 37801 a 38000 (200 itens)...
2025-10-31 06:59:34 - INFO - Iniciando busca de 'DETALHES' assíncrona para 200 AppIDs com concorrência 1...
2025-10-31 07:00:58 - INFO - Busca assíncrona concluída.
2025-10-31 07:00:58 - INFO - --- Busca concluída: ---
2025-10-31 07:00:58 - INFO - 187 sucesso(s) (93.50%),
2025-10-31 07:00:58 - INFO - 13 falha(s) (6.50%).
2025-10-31 07:00:58 - INFO - --- Detalhamento dos erros: ---
2025-10-31 07:00:58 - INFO - * HTTP: 0 (403 Forbidden: 0, 429 Too Many Requests: 0)
2025-10-31 07:00:58 - INFO - * Timeout: 0
2025-10-31 07:00:58 - INFO - * Ausentes: 13
2025-10-31 07:00:58 - INFO - * Outros: 0
2025-10-31 07:00:58 - INFO - Aguardando 120s antes do próximo batch...

2025-10-31 07:02:58 - INFO - Batch 191/1358 - Processando itens 38001 a 38200 (200 itens)...
2025-10-31 07:02:58 - INFO - Iniciando busca de 'DETALHES' assíncrona para 200 AppIDs com concorrência 1...
2025-10-31 07:04:13 - INFO - Busca assíncrona concluída.
2025-10-31 07:04:13 - INFO - --- Busca concluída: ---
2025-10-31 07:04:13 - INFO - 0 sucesso(s) (0.00%),
2025-10-31 07:04:13 - INFO - 200 falha(s) (100.00%).
2025-10-31 07:04:13 - INFO - --- Detalhamento dos erros: ---
2025-10-31 07:04:13 - INFO - * HTTP: 200 (403 Forbidden: 0, 429 Too Many Requests: 200)
2025-10-31 07:04:13 - INFO - * Timeout: 0
2025-10-31 07:04:13 - INFO - * Ausentes: 0
2025-10-31 07:04:13 - INFO - * Outros: 0
2025-10-31 07:04:13 - INFO - Aguardando 120s antes do próximo batch...

2025-10-31 07:06:13 - INFO - Batch 192/1358 - Processando itens 38201 a 38400 (200 itens)...
2025-10-31 07:06:13 - INFO - Iniciando busca de 'DETALHES' assíncrona para 200 AppIDs com concorrência 1...
2025-10-31 07:07:33 - INFO - Busca assíncrona concluída.
2025-10-31 07:07:33 - INFO - --- Busca concluída: ---
2025-10-31 07:07:33 - INFO - 193 sucesso(s) (96.50%),
2025-10-31 07:07:33 - INFO - 7 falha(s) (3.50%).
2025-10-31 07:07:33 - INFO - --- Detalhamento dos erros: ---
2025-10-31 07:07:33 - INFO - * HTTP: 0 (403 Forbidden: 0, 429 Too Many Requests: 0)
2025-10-31 07:07:33 - INFO - * Timeout: 0
2025-10-31 07:07:33 - INFO - * Ausentes: 7
2025-10-31 07:07:33 - INFO - * Outros: 0
2025-10-31 07:07:33 - INFO - Aguardando 120s antes do próximo batch...

2025-10-31 07:09:33 - INFO - Batch 193/1358 - Processando itens 38401 a 38600 (200 itens)...
2025-10-31 07:09:33 - INFO - Iniciando busca de 'DETALHES' assíncrona para 200 AppIDs com concorrência 1...
2025-10-31 07:10:48 - INFO - Busca assíncrona concluída.
2025-10-31 07:10:48 - INFO - --- Busca concluída: ---
2025-10-31 07:10:48 - INFO - 0 sucesso(s) (0.00%),
2025-10-31 07:10:48 - INFO - 200 falha(s) (100.00%).
2025-10-31 07:10:48 - INFO - --- Detalhamento dos erros: ---
2025-10-31 07:10:48 - INFO - * HTTP: 200 (403 Forbidden: 0, 429 Too Many Requests: 200)
2025-10-31 07:10:48 - INFO - * Timeout: 0
2025-10-31 07:10:48 - INFO - * Ausentes: 0
2025-10-31 07:10:48 - INFO - * Outros: 0
2025-10-31 07:10:48 - INFO - Aguardando 120s antes do próximo batch...

2025-10-31 07:12:48 - INFO - Batch 194/1358 - Processando itens 38601 a 38800 (200 itens)...
2025-10-31 07:12:48 - INFO - Iniciando busca de 'DETALHES' assíncrona para 200 AppIDs com concorrência 1...
2025-10-31 07:14:09 - INFO - Busca assíncrona concluída.
2025-10-31 07:14:09 - INFO - --- Busca concluída: ---
2025-10-31 07:14:09 - INFO - 192 sucesso(s) (96.00%),
2025-10-31 07:14:09 - INFO - 8 falha(s) (4.00%).
2025-10-31 07:14:09 - INFO - --- Detalhamento dos erros: ---
2025-10-31 07:14:09 - INFO - * HTTP: 0 (403 Forbidden: 0, 429 Too Many Requests: 0)
2025-10-31 07:14:09 - INFO - * Timeout: 0
2025-10-31 07:14:09 - INFO - * Ausentes: 8
2025-10-31 07:14:09 - INFO - * Outros: 0
2025-10-31 07:14:09 - INFO - Aguardando 120s antes do próximo batch...

2025-10-31 07:16:09 - INFO - Batch 195/1358 - Processando itens 38801 a 39000 (200 itens)...
2025-10-31 07:16:09 - INFO - Iniciando busca de 'DETALHES' assíncrona para 200 AppIDs com concorrência 1...
2025-10-31 07:17:28 - INFO - Busca assíncrona concluída.
2025-10-31 07:17:28 - INFO - --- Busca concluída: ---
2025-10-31 07:17:28 - INFO - 0 sucesso(s) (0.00%),
2025-10-31 07:17:28 - INFO - 200 falha(s) (100.00%).
2025-10-31 07:17:28 - INFO - --- Detalhamento dos erros: ---
2025-10-31 07:17:28 - INFO - * HTTP: 200 (403 Forbidden: 0, 429 Too Many Requests: 200)
2025-10-31 07:17:28 - INFO - * Timeout: 0
2025-10-31 07:17:28 - INFO - * Ausentes: 0
2025-10-31 07:17:28 - INFO - * Outros: 0
2025-10-31 07:17:28 - INFO - Aguardando 120s antes do próximo batch...

2025-10-31 07:19:28 - INFO - Batch 196/1358 - Processando itens 39001 a 39200 (200 itens)...
2025-10-31 07:19:28 - INFO - Iniciando busca de 'DETALHES' assíncrona para 200 AppIDs com concorrência 1...
2025-10-31 07:20:56 - INFO - Busca assíncrona concluída.
2025-10-31 07:20:56 - INFO - --- Busca concluída: ---
2025-10-31 07:20:56 - INFO - 162 sucesso(s) (81.00%),
2025-10-31 07:20:56 - INFO - 38 falha(s) (19.00%).
2025-10-31 07:20:56 - INFO - --- Detalhamento dos erros: ---
2025-10-31 07:20:56 - INFO - * HTTP: 0 (403 Forbidden: 0, 429 Too Many Requests: 0)
2025-10-31 07:20:56 - INFO - * Timeout: 0
2025-10-31 07:20:56 - INFO - * Ausentes: 38
2025-10-31 07:20:56 - INFO - * Outros: 0
2025-10-31 07:20:56 - INFO - Aguardando 120s antes do próximo batch...

2025-10-31 07:22:56 - INFO - Batch 197/1358 - Processando itens 39201 a 39400 (200 itens)...
2025-10-31 07:22:56 - INFO - Iniciando busca de 'DETALHES' assíncrona para 200 AppIDs com concorrência 1...
2025-10-31 07:24:18 - INFO - Busca assíncrona concluída.
2025-10-31 07:24:18 - INFO - --- Busca concluída: ---
2025-10-31 07:24:18 - INFO - 0 sucesso(s) (0.00%),
2025-10-31 07:24:18 - INFO - 200 falha(s) (100.00%).
2025-10-31 07:24:18 - INFO - --- Detalhamento dos erros: ---
2025-10-31 07:24:18 - INFO - * HTTP: 200 (403 Forbidden: 0, 429 Too Many Requests: 200)
2025-10-31 07:24:18 - INFO - * Timeout: 0
2025-10-31 07:24:18 - INFO - * Ausentes: 0
2025-10-31 07:24:18 - INFO - * Outros: 0
2025-10-31 07:24:18 - INFO - Aguardando 120s antes do próximo batch...

2025-10-31 07:26:18 - INFO - Batch 198/1358 - Processando itens 39401 a 39600 (200 itens)...
2025-10-31 07:26:18 - INFO - Iniciando busca de 'DETALHES' assíncrona para 200 AppIDs com concorrência 1...
2025-10-31 07:27:39 - INFO - Busca assíncrona concluída.
2025-10-31 07:27:39 - INFO - --- Busca concluída: ---
2025-10-31 07:27:39 - INFO - 191 sucesso(s) (95.50%),
2025-10-31 07:27:39 - INFO - 9 falha(s) (4.50%).
2025-10-31 07:27:39 - INFO - --- Detalhamento dos erros: ---
2025-10-31 07:27:39 - INFO - * HTTP: 0 (403 Forbidden: 0, 429 Too Many Requests: 0)
2025-10-31 07:27:39 - INFO - * Timeout: 0
2025-10-31 07:27:39 - INFO - * Ausentes: 9
2025-10-31 07:27:39 - INFO - * Outros: 0
2025-10-31 07:27:39 - INFO - Aguardando 120s antes do próximo batch...

2025-10-31 07:29:39 - INFO - Batch 199/1358 - Processando itens 39601 a 39800 (200 itens)...
2025-10-31 07:29:39 - INFO - Iniciando busca de 'DETALHES' assíncrona para 200 AppIDs com concorrência 1...
2025-10-31 07:30:53 - INFO - Busca assíncrona concluída.
2025-10-31 07:30:53 - INFO - --- Busca concluída: ---
2025-10-31 07:30:53 - INFO - 0 sucesso(s) (0.00%),
2025-10-31 07:30:53 - INFO - 200 falha(s) (100.00%).
2025-10-31 07:30:53 - INFO - --- Detalhamento dos erros: ---
2025-10-31 07:30:53 - INFO - * HTTP: 200 (403 Forbidden: 0, 429 Too Many Requests: 200)
2025-10-31 07:30:53 - INFO - * Timeout: 0
2025-10-31 07:30:53 - INFO - * Ausentes: 0
2025-10-31 07:30:53 - INFO - * Outros: 0
2025-10-31 07:30:53 - INFO - Aguardando 120s antes do próximo batch...

2025-10-31 07:32:53 - INFO - Batch 200/1358 - Processando itens 39801 a 40000 (200 itens)...
2025-10-31 07:32:53 - INFO - Iniciando busca de 'DETALHES' assíncrona para 200 AppIDs com concorrência 1...
2025-10-31 07:34:21 - INFO - Busca assíncrona concluída.
2025-10-31 07:34:21 - INFO - --- Busca concluída: ---
2025-10-31 07:34:21 - INFO - 181 sucesso(s) (90.50%),
2025-10-31 07:34:21 - INFO - 19 falha(s) (9.50%).
2025-10-31 07:34:21 - INFO - --- Detalhamento dos erros: ---
2025-10-31 07:34:21 - INFO - * HTTP: 0 (403 Forbidden: 0, 429 Too Many Requests: 0)
2025-10-31 07:34:21 - INFO - * Timeout: 0
2025-10-31 07:34:21 - INFO - * Ausentes: 19
2025-10-31 07:34:21 - INFO - * Outros: 0
2025-10-31 07:34:21 - INFO - Aguardando 120s antes do próximo batch...

2025-10-31 07:36:21 - INFO - Batch 201/1358 - Processando itens 40001 a 40200 (200 itens)...
2025-10-31 07:36:21 - INFO - Iniciando busca de 'DETALHES' assíncrona para 200 AppIDs com concorrência 1...
2025-10-31 07:37:41 - INFO - Busca assíncrona concluída.
2025-10-31 07:37:41 - INFO - --- Busca concluída: ---
2025-10-31 07:37:41 - INFO - 0 sucesso(s) (0.00%),
2025-10-31 07:37:41 - INFO - 200 falha(s) (100.00%).
2025-10-31 07:37:41 - INFO - --- Detalhamento dos erros: ---
2025-10-31 07:37:41 - INFO - * HTTP: 200 (403 Forbidden: 0, 429 Too Many Requests: 200)
2025-10-31 07:37:41 - INFO - * Timeout: 0
2025-10-31 07:37:41 - INFO - * Ausentes: 0
2025-10-31 07:37:41 - INFO - * Outros: 0
2025-10-31 07:37:41 - INFO - Aguardando 120s antes do próximo batch...

2025-10-31 07:39:41 - INFO - Batch 202/1358 - Processando itens 40201 a 40400 (200 itens)...
2025-10-31 07:39:41 - INFO - Iniciando busca de 'DETALHES' assíncrona para 200 AppIDs com concorrência 1...
2025-10-31 07:41:05 - INFO - Busca assíncrona concluída.
2025-10-31 07:41:05 - INFO - --- Busca concluída: ---
2025-10-31 07:41:05 - INFO - 190 sucesso(s) (95.00%),
2025-10-31 07:41:05 - INFO - 10 falha(s) (5.00%).
2025-10-31 07:41:05 - INFO - --- Detalhamento dos erros: ---
2025-10-31 07:41:05 - INFO - * HTTP: 0 (403 Forbidden: 0, 429 Too Many Requests: 0)
2025-10-31 07:41:05 - INFO - * Timeout: 0
2025-10-31 07:41:05 - INFO - * Ausentes: 10
2025-10-31 07:41:05 - INFO - * Outros: 0
2025-10-31 07:41:05 - INFO - Aguardando 120s antes do próximo batch...

2025-10-31 07:43:05 - INFO - Batch 203/1358 - Processando itens 40401 a 40600 (200 itens)...
2025-10-31 07:43:05 - INFO - Iniciando busca de 'DETALHES' assíncrona para 200 AppIDs com concorrência 1...
2025-10-31 07:44:19 - INFO - Busca assíncrona concluída.
2025-10-31 07:44:19 - INFO - --- Busca concluída: ---
2025-10-31 07:44:19 - INFO - 0 sucesso(s) (0.00%),
2025-10-31 07:44:19 - INFO - 200 falha(s) (100.00%).
2025-10-31 07:44:19 - INFO - --- Detalhamento dos erros: ---
2025-10-31 07:44:19 - INFO - * HTTP: 200 (403 Forbidden: 0, 429 Too Many Requests: 200)
2025-10-31 07:44:19 - INFO - * Timeout: 0
2025-10-31 07:44:19 - INFO - * Ausentes: 0
2025-10-31 07:44:19 - INFO - * Outros: 0
2025-10-31 07:44:19 - INFO - Aguardando 120s antes do próximo batch...

2025-10-31 07:46:19 - INFO - Batch 204/1358 - Processando itens 40601 a 40800 (200 itens)...
2025-10-31 07:46:19 - INFO - Iniciando busca de 'DETALHES' assíncrona para 200 AppIDs com concorrência 1...
2025-10-31 07:47:48 - INFO - Busca assíncrona concluída.
2025-10-31 07:47:48 - INFO - --- Busca concluída: ---
2025-10-31 07:47:48 - INFO - 166 sucesso(s) (83.00%),
2025-10-31 07:47:48 - INFO - 34 falha(s) (17.00%).
2025-10-31 07:47:48 - INFO - --- Detalhamento dos erros: ---
2025-10-31 07:47:48 - INFO - * HTTP: 0 (403 Forbidden: 0, 429 Too Many Requests: 0)
2025-10-31 07:47:48 - INFO - * Timeout: 0
2025-10-31 07:47:48 - INFO - * Ausentes: 34
2025-10-31 07:47:48 - INFO - * Outros: 0
2025-10-31 07:47:48 - INFO - Aguardando 120s antes do próximo batch...

2025-10-31 07:49:48 - INFO - Batch 205/1358 - Processando itens 40801 a 41000 (200 itens)...
2025-10-31 07:49:48 - INFO - Iniciando busca de 'DETALHES' assíncrona para 200 AppIDs com concorrência 1...
2025-10-31 07:51:04 - INFO - Busca assíncrona concluída.
2025-10-31 07:51:04 - INFO - --- Busca concluída: ---
2025-10-31 07:51:04 - INFO - 0 sucesso(s) (0.00%),
2025-10-31 07:51:04 - INFO - 200 falha(s) (100.00%).
2025-10-31 07:51:04 - INFO - --- Detalhamento dos erros: ---
2025-10-31 07:51:04 - INFO - * HTTP: 200 (403 Forbidden: 0, 429 Too Many Requests: 200)
2025-10-31 07:51:04 - INFO - * Timeout: 0
2025-10-31 07:51:04 - INFO - * Ausentes: 0
2025-10-31 07:51:04 - INFO - * Outros: 0
2025-10-31 07:51:04 - INFO - Aguardando 120s antes do próximo batch...

2025-10-31 07:53:04 - INFO - Batch 206/1358 - Processando itens 41001 a 41200 (200 itens)...
2025-10-31 07:53:04 - INFO - Iniciando busca de 'DETALHES' assíncrona para 200 AppIDs com concorrência 1...
2025-10-31 07:54:32 - INFO - Busca assíncrona concluída.
2025-10-31 07:54:32 - INFO - --- Busca concluída: ---
2025-10-31 07:54:32 - INFO - 189 sucesso(s) (94.50%),
2025-10-31 07:54:32 - INFO - 11 falha(s) (5.50%).
2025-10-31 07:54:32 - INFO - --- Detalhamento dos erros: ---
2025-10-31 07:54:32 - INFO - * HTTP: 0 (403 Forbidden: 0, 429 Too Many Requests: 0)
2025-10-31 07:54:32 - INFO - * Timeout: 0
2025-10-31 07:54:32 - INFO - * Ausentes: 11
2025-10-31 07:54:32 - INFO - * Outros: 0
2025-10-31 07:54:32 - INFO - Aguardando 120s antes do próximo batch...

2025-10-31 07:56:32 - INFO - Batch 207/1358 - Processando itens 41201 a 41400 (200 itens)...
2025-10-31 07:56:32 - INFO - Iniciando busca de 'DETALHES' assíncrona para 200 AppIDs com concorrência 1...
2025-10-31 07:57:45 - INFO - Busca assíncrona concluída.
2025-10-31 07:57:45 - INFO - --- Busca concluída: ---
2025-10-31 07:57:45 - INFO - 0 sucesso(s) (0.00%),
2025-10-31 07:57:45 - INFO - 200 falha(s) (100.00%).
2025-10-31 07:57:45 - INFO - --- Detalhamento dos erros: ---
2025-10-31 07:57:45 - INFO - * HTTP: 200 (403 Forbidden: 0, 429 Too Many Requests: 200)
2025-10-31 07:57:45 - INFO - * Timeout: 0
2025-10-31 07:57:45 - INFO - * Ausentes: 0
2025-10-31 07:57:45 - INFO - * Outros: 0
2025-10-31 07:57:45 - INFO - Aguardando 120s antes do próximo batch...

2025-10-31 07:59:45 - INFO - Batch 208/1358 - Processando itens 41401 a 41600 (200 itens)...
2025-10-31 07:59:45 - INFO - Iniciando busca de 'DETALHES' assíncrona para 200 AppIDs com concorrência 1...
2025-10-31 08:01:14 - INFO - Busca assíncrona concluída.
2025-10-31 08:01:14 - INFO - --- Busca concluída: ---
2025-10-31 08:01:14 - INFO - 183 sucesso(s) (91.50%),
2025-10-31 08:01:14 - INFO - 17 falha(s) (8.50%).
2025-10-31 08:01:14 - INFO - --- Detalhamento dos erros: ---
2025-10-31 08:01:14 - INFO - * HTTP: 0 (403 Forbidden: 0, 429 Too Many Requests: 0)
2025-10-31 08:01:14 - INFO - * Timeout: 0
2025-10-31 08:01:14 - INFO - * Ausentes: 17
2025-10-31 08:01:14 - INFO - * Outros: 0
2025-10-31 08:01:14 - INFO - Aguardando 120s antes do próximo batch...

2025-10-31 08:03:14 - INFO - Batch 209/1358 - Processando itens 41601 a 41800 (200 itens)...
2025-10-31 08:03:14 - INFO - Iniciando busca de 'DETALHES' assíncrona para 200 AppIDs com concorrência 1...
2025-10-31 08:04:35 - INFO - Busca assíncrona concluída.
2025-10-31 08:04:35 - INFO - --- Busca concluída: ---
2025-10-31 08:04:35 - INFO - 0 sucesso(s) (0.00%),
2025-10-31 08:04:35 - INFO - 200 falha(s) (100.00%).
2025-10-31 08:04:35 - INFO - --- Detalhamento dos erros: ---
2025-10-31 08:04:35 - INFO - * HTTP: 200 (403 Forbidden: 0, 429 Too Many Requests: 200)
2025-10-31 08:04:35 - INFO - * Timeout: 0
2025-10-31 08:04:35 - INFO - * Ausentes: 0
2025-10-31 08:04:35 - INFO - * Outros: 0
2025-10-31 08:04:35 - INFO - Aguardando 120s antes do próximo batch...

2025-10-31 08:06:35 - INFO - Batch 210/1358 - Processando itens 41801 a 42000 (200 itens)...
2025-10-31 08:06:35 - INFO - Iniciando busca de 'DETALHES' assíncrona para 200 AppIDs com concorrência 1...
2025-10-31 08:08:01 - INFO - Busca assíncrona concluída.
2025-10-31 08:08:01 - INFO - --- Busca concluída: ---
2025-10-31 08:08:01 - INFO - 190 sucesso(s) (95.00%),
2025-10-31 08:08:01 - INFO - 10 falha(s) (5.00%).
2025-10-31 08:08:01 - INFO - --- Detalhamento dos erros: ---
2025-10-31 08:08:01 - INFO - * HTTP: 0 (403 Forbidden: 0, 429 Too Many Requests: 0)
2025-10-31 08:08:01 - INFO - * Timeout: 0
2025-10-31 08:08:01 - INFO - * Ausentes: 10
2025-10-31 08:08:01 - INFO - * Outros: 0
2025-10-31 08:08:01 - INFO - Aguardando 120s antes do próximo batch...

2025-10-31 08:10:01 - INFO - Batch 211/1358 - Processando itens 42001 a 42200 (200 itens)...
2025-10-31 08:10:01 - INFO - Iniciando busca de 'DETALHES' assíncrona para 200 AppIDs com concorrência 1...
2025-10-31 08:11:18 - INFO - Busca assíncrona concluída.
2025-10-31 08:11:18 - INFO - --- Busca concluída: ---
2025-10-31 08:11:18 - INFO - 0 sucesso(s) (0.00%),
2025-10-31 08:11:18 - INFO - 200 falha(s) (100.00%).
2025-10-31 08:11:18 - INFO - --- Detalhamento dos erros: ---
2025-10-31 08:11:18 - INFO - * HTTP: 200 (403 Forbidden: 0, 429 Too Many Requests: 200)
2025-10-31 08:11:18 - INFO - * Timeout: 0
2025-10-31 08:11:18 - INFO - * Ausentes: 0
2025-10-31 08:11:18 - INFO - * Outros: 0
2025-10-31 08:11:18 - INFO - Aguardando 120s antes do próximo batch...

2025-10-31 08:13:20 - INFO - Batch 212/1358 - Processando itens 42201 a 42400 (200 itens)...
2025-10-31 08:13:20 - INFO - Iniciando busca de 'DETALHES' assíncrona para 200 AppIDs com concorrência 1...
2025-10-31 08:14:44 - INFO - Busca assíncrona concluída.
2025-10-31 08:14:44 - INFO - --- Busca concluída: ---
2025-10-31 08:14:44 - INFO - 189 sucesso(s) (94.50%),
2025-10-31 08:14:44 - INFO - 11 falha(s) (5.50%).
2025-10-31 08:14:44 - INFO - --- Detalhamento dos erros: ---
2025-10-31 08:14:44 - INFO - * HTTP: 0 (403 Forbidden: 0, 429 Too Many Requests: 0)
2025-10-31 08:14:44 - INFO - * Timeout: 0
2025-10-31 08:14:44 - INFO - * Ausentes: 11
2025-10-31 08:14:44 - INFO - * Outros: 0
2025-10-31 08:14:44 - INFO - Aguardando 120s antes do próximo batch...

2025-10-31 08:16:44 - INFO - Batch 213/1358 - Processando itens 42401 a 42600 (200 itens)...
2025-10-31 08:16:44 - INFO - Iniciando busca de 'DETALHES' assíncrona para 200 AppIDs com concorrência 1...
2025-10-31 08:18:01 - INFO - Busca assíncrona concluída.
2025-10-31 08:18:01 - INFO - --- Busca concluída: ---
2025-10-31 08:18:01 - INFO - 0 sucesso(s) (0.00%),
2025-10-31 08:18:01 - INFO - 200 falha(s) (100.00%).
2025-10-31 08:18:01 - INFO - --- Detalhamento dos erros: ---
2025-10-31 08:18:01 - INFO - * HTTP: 200 (403 Forbidden: 0, 429 Too Many Requests: 200)
2025-10-31 08:18:01 - INFO - * Timeout: 0
2025-10-31 08:18:01 - INFO - * Ausentes: 0
2025-10-31 08:18:01 - INFO - * Outros: 0
2025-10-31 08:18:01 - INFO - Aguardando 120s antes do próximo batch...

2025-10-31 08:20:01 - INFO - Batch 214/1358 - Processando itens 42601 a 42800 (200 itens)...
2025-10-31 08:20:01 - INFO - Iniciando busca de 'DETALHES' assíncrona para 200 AppIDs com concorrência 1...
2025-10-31 08:21:33 - INFO - Busca assíncrona concluída.
2025-10-31 08:21:33 - INFO - --- Busca concluída: ---
2025-10-31 08:21:33 - INFO - 193 sucesso(s) (96.50%),
2025-10-31 08:21:33 - INFO - 7 falha(s) (3.50%).
2025-10-31 08:21:33 - INFO - --- Detalhamento dos erros: ---
2025-10-31 08:21:33 - INFO - * HTTP: 0 (403 Forbidden: 0, 429 Too Many Requests: 0)
2025-10-31 08:21:33 - INFO - * Timeout: 0
2025-10-31 08:21:33 - INFO - * Ausentes: 7
2025-10-31 08:21:33 - INFO - * Outros: 0
2025-10-31 08:21:33 - INFO - Aguardando 120s antes do próximo batch...

2025-10-31 08:23:33 - INFO - Batch 215/1358 - Processando itens 42801 a 43000 (200 itens)...
2025-10-31 08:23:33 - INFO - Iniciando busca de 'DETALHES' assíncrona para 200 AppIDs com concorrência 1...
2025-10-31 08:24:48 - INFO - Busca assíncrona concluída.
2025-10-31 08:24:48 - INFO - --- Busca concluída: ---
2025-10-31 08:24:48 - INFO - 0 sucesso(s) (0.00%),
2025-10-31 08:24:48 - INFO - 200 falha(s) (100.00%).
2025-10-31 08:24:48 - INFO - --- Detalhamento dos erros: ---
2025-10-31 08:24:48 - INFO - * HTTP: 200 (403 Forbidden: 0, 429 Too Many Requests: 200)
2025-10-31 08:24:48 - INFO - * Timeout: 0
2025-10-31 08:24:48 - INFO - * Ausentes: 0
2025-10-31 08:24:48 - INFO - * Outros: 0
2025-10-31 08:24:48 - INFO - Aguardando 120s antes do próximo batch...

2025-10-31 08:26:48 - INFO - Batch 216/1358 - Processando itens 43001 a 43200 (200 itens)...
2025-10-31 08:26:48 - INFO - Iniciando busca de 'DETALHES' assíncrona para 200 AppIDs com concorrência 1...
2025-10-31 08:28:16 - INFO - Busca assíncrona concluída.
2025-10-31 08:28:16 - INFO - --- Busca concluída: ---
2025-10-31 08:28:16 - INFO - 192 sucesso(s) (96.00%),
2025-10-31 08:28:16 - INFO - 8 falha(s) (4.00%).
2025-10-31 08:28:16 - INFO - --- Detalhamento dos erros: ---
2025-10-31 08:28:16 - INFO - * HTTP: 0 (403 Forbidden: 0, 429 Too Many Requests: 0)
2025-10-31 08:28:16 - INFO - * Timeout: 0
2025-10-31 08:28:16 - INFO - * Ausentes: 8
2025-10-31 08:28:16 - INFO - * Outros: 0
2025-10-31 08:28:16 - INFO - Aguardando 120s antes do próximo batch...

2025-10-31 08:30:16 - INFO - Batch 217/1358 - Processando itens 43201 a 43400 (200 itens)...
2025-10-31 08:30:16 - INFO - Iniciando busca de 'DETALHES' assíncrona para 200 AppIDs com concorrência 1...
2025-10-31 08:31:34 - INFO - Busca assíncrona concluída.
2025-10-31 08:31:34 - INFO - --- Busca concluída: ---
2025-10-31 08:31:34 - INFO - 0 sucesso(s) (0.00%),
2025-10-31 08:31:34 - INFO - 200 falha(s) (100.00%).
2025-10-31 08:31:34 - INFO - --- Detalhamento dos erros: ---
2025-10-31 08:31:34 - INFO - * HTTP: 200 (403 Forbidden: 0, 429 Too Many Requests: 200)
2025-10-31 08:31:34 - INFO - * Timeout: 0
2025-10-31 08:31:34 - INFO - * Ausentes: 0
2025-10-31 08:31:34 - INFO - * Outros: 0
2025-10-31 08:31:34 - INFO - Aguardando 120s antes do próximo batch...

2025-10-31 08:33:34 - INFO - Batch 218/1358 - Processando itens 43401 a 43600 (200 itens)...
2025-10-31 08:33:34 - INFO - Iniciando busca de 'DETALHES' assíncrona para 200 AppIDs com concorrência 1...
2025-10-31 08:35:04 - INFO - Busca assíncrona concluída.
2025-10-31 08:35:04 - INFO - --- Busca concluída: ---
2025-10-31 08:35:04 - INFO - 189 sucesso(s) (94.50%),
2025-10-31 08:35:04 - INFO - 11 falha(s) (5.50%).
2025-10-31 08:35:04 - INFO - --- Detalhamento dos erros: ---
2025-10-31 08:35:04 - INFO - * HTTP: 0 (403 Forbidden: 0, 429 Too Many Requests: 0)
2025-10-31 08:35:04 - INFO - * Timeout: 0
2025-10-31 08:35:04 - INFO - * Ausentes: 11
2025-10-31 08:35:04 - INFO - * Outros: 0
2025-10-31 08:35:04 - INFO - Aguardando 120s antes do próximo batch...

2025-10-31 08:37:04 - INFO - Batch 219/1358 - Processando itens 43601 a 43800 (200 itens)...
2025-10-31 08:37:04 - INFO - Iniciando busca de 'DETALHES' assíncrona para 200 AppIDs com concorrência 1...
2025-10-31 08:38:22 - INFO - Busca assíncrona concluída.
2025-10-31 08:38:22 - INFO - --- Busca concluída: ---
2025-10-31 08:38:22 - INFO - 0 sucesso(s) (0.00%),
2025-10-31 08:38:22 - INFO - 200 falha(s) (100.00%).
2025-10-31 08:38:22 - INFO - --- Detalhamento dos erros: ---
2025-10-31 08:38:22 - INFO - * HTTP: 200 (403 Forbidden: 0, 429 Too Many Requests: 200)
2025-10-31 08:38:22 - INFO - * Timeout: 0
2025-10-31 08:38:22 - INFO - * Ausentes: 0
2025-10-31 08:38:22 - INFO - * Outros: 0
2025-10-31 08:38:22 - INFO - Aguardando 120s antes do próximo batch...

2025-10-31 08:40:22 - INFO - Batch 220/1358 - Processando itens 43801 a 44000 (200 itens)...
2025-10-31 08:40:22 - INFO - Iniciando busca de 'DETALHES' assíncrona para 200 AppIDs com concorrência 1...
2025-10-31 08:41:52 - INFO - Busca assíncrona concluída.
2025-10-31 08:41:52 - INFO - --- Busca concluída: ---
2025-10-31 08:41:52 - INFO - 189 sucesso(s) (94.50%),
2025-10-31 08:41:52 - INFO - 11 falha(s) (5.50%).
2025-10-31 08:41:52 - INFO - --- Detalhamento dos erros: ---
2025-10-31 08:41:52 - INFO - * HTTP: 0 (403 Forbidden: 0, 429 Too Many Requests: 0)
2025-10-31 08:41:52 - INFO - * Timeout: 0
2025-10-31 08:41:52 - INFO - * Ausentes: 11
2025-10-31 08:41:52 - INFO - * Outros: 0
2025-10-31 08:41:52 - INFO - Aguardando 120s antes do próximo batch...

2025-10-31 08:43:52 - INFO - Batch 221/1358 - Processando itens 44001 a 44200 (200 itens)...
2025-10-31 08:43:52 - INFO - Iniciando busca de 'DETALHES' assíncrona para 200 AppIDs com concorrência 1...
2025-10-31 08:45:12 - INFO - Busca assíncrona concluída.
2025-10-31 08:45:12 - INFO - --- Busca concluída: ---
2025-10-31 08:45:12 - INFO - 0 sucesso(s) (0.00%),
2025-10-31 08:45:12 - INFO - 200 falha(s) (100.00%).
2025-10-31 08:45:12 - INFO - --- Detalhamento dos erros: ---
2025-10-31 08:45:12 - INFO - * HTTP: 200 (403 Forbidden: 0, 429 Too Many Requests: 200)
2025-10-31 08:45:12 - INFO - * Timeout: 0
2025-10-31 08:45:12 - INFO - * Ausentes: 0
2025-10-31 08:45:12 - INFO - * Outros: 0
2025-10-31 08:45:12 - INFO - Aguardando 120s antes do próximo batch...

2025-10-31 08:47:12 - INFO - Batch 222/1358 - Processando itens 44201 a 44400 (200 itens)...
2025-10-31 08:47:12 - INFO - Iniciando busca de 'DETALHES' assíncrona para 200 AppIDs com concorrência 1...
2025-10-31 08:48:43 - INFO - Busca assíncrona concluída.
2025-10-31 08:48:43 - INFO - --- Busca concluída: ---
2025-10-31 08:48:43 - INFO - 186 sucesso(s) (93.00%),
2025-10-31 08:48:43 - INFO - 14 falha(s) (7.00%).
2025-10-31 08:48:43 - INFO - --- Detalhamento dos erros: ---
2025-10-31 08:48:43 - INFO - * HTTP: 0 (403 Forbidden: 0, 429 Too Many Requests: 0)
2025-10-31 08:48:43 - INFO - * Timeout: 0
2025-10-31 08:48:43 - INFO - * Ausentes: 14
2025-10-31 08:48:43 - INFO - * Outros: 0
2025-10-31 08:48:43 - INFO - Aguardando 120s antes do próximo batch...

2025-10-31 08:50:43 - INFO - Batch 223/1358 - Processando itens 44401 a 44600 (200 itens)...
2025-10-31 08:50:43 - INFO - Iniciando busca de 'DETALHES' assíncrona para 200 AppIDs com concorrência 1...
2025-10-31 08:51:57 - INFO - Busca assíncrona concluída.
2025-10-31 08:51:57 - INFO - --- Busca concluída: ---
2025-10-31 08:51:57 - INFO - 0 sucesso(s) (0.00%),
2025-10-31 08:51:57 - INFO - 200 falha(s) (100.00%).
2025-10-31 08:51:57 - INFO - --- Detalhamento dos erros: ---
2025-10-31 08:51:57 - INFO - * HTTP: 200 (403 Forbidden: 0, 429 Too Many Requests: 200)
2025-10-31 08:51:57 - INFO - * Timeout: 0
2025-10-31 08:51:57 - INFO - * Ausentes: 0
2025-10-31 08:51:57 - INFO - * Outros: 0
2025-10-31 08:51:57 - INFO - Aguardando 120s antes do próximo batch...

2025-10-31 08:53:57 - INFO - Batch 224/1358 - Processando itens 44601 a 44800 (200 itens)...
2025-10-31 08:53:57 - INFO - Iniciando busca de 'DETALHES' assíncrona para 200 AppIDs com concorrência 1...
2025-10-31 08:55:26 - INFO - Busca assíncrona concluída.
2025-10-31 08:55:26 - INFO - --- Busca concluída: ---
2025-10-31 08:55:26 - INFO - 174 sucesso(s) (87.00%),
2025-10-31 08:55:26 - INFO - 26 falha(s) (13.00%).
2025-10-31 08:55:26 - INFO - --- Detalhamento dos erros: ---
2025-10-31 08:55:26 - INFO - * HTTP: 0 (403 Forbidden: 0, 429 Too Many Requests: 0)
2025-10-31 08:55:26 - INFO - * Timeout: 0
2025-10-31 08:55:26 - INFO - * Ausentes: 26
2025-10-31 08:55:26 - INFO - * Outros: 0
2025-10-31 08:55:26 - INFO - Aguardando 120s antes do próximo batch...

2025-10-31 08:57:26 - INFO - Batch 225/1358 - Processando itens 44801 a 45000 (200 itens)...
2025-10-31 08:57:26 - INFO - Iniciando busca de 'DETALHES' assíncrona para 200 AppIDs com concorrência 1...
2025-10-31 08:58:47 - INFO - Busca assíncrona concluída.
2025-10-31 08:58:47 - INFO - --- Busca concluída: ---
2025-10-31 08:58:47 - INFO - 0 sucesso(s) (0.00%),
2025-10-31 08:58:47 - INFO - 200 falha(s) (100.00%).
2025-10-31 08:58:47 - INFO - --- Detalhamento dos erros: ---
2025-10-31 08:58:47 - INFO - * HTTP: 200 (403 Forbidden: 0, 429 Too Many Requests: 200)
2025-10-31 08:58:47 - INFO - * Timeout: 0
2025-10-31 08:58:47 - INFO - * Ausentes: 0
2025-10-31 08:58:47 - INFO - * Outros: 0
2025-10-31 08:58:47 - INFO - Aguardando 120s antes do próximo batch...

2025-10-31 09:00:47 - INFO - Batch 226/1358 - Processando itens 45001 a 45200 (200 itens)...
2025-10-31 09:00:47 - INFO - Iniciando busca de 'DETALHES' assíncrona para 200 AppIDs com concorrência 1...
2025-10-31 09:02:18 - INFO - Busca assíncrona concluída.
2025-10-31 09:02:18 - INFO - --- Busca concluída: ---
2025-10-31 09:02:18 - INFO - 194 sucesso(s) (97.00%),
2025-10-31 09:02:18 - INFO - 6 falha(s) (3.00%).
2025-10-31 09:02:18 - INFO - --- Detalhamento dos erros: ---
2025-10-31 09:02:18 - INFO - * HTTP: 0 (403 Forbidden: 0, 429 Too Many Requests: 0)
2025-10-31 09:02:18 - INFO - * Timeout: 0
2025-10-31 09:02:18 - INFO - * Ausentes: 6
2025-10-31 09:02:18 - INFO - * Outros: 0
2025-10-31 09:02:18 - INFO - Aguardando 120s antes do próximo batch...

2025-10-31 09:04:18 - INFO - Batch 227/1358 - Processando itens 45201 a 45400 (200 itens)...
2025-10-31 09:04:18 - INFO - Iniciando busca de 'DETALHES' assíncrona para 200 AppIDs com concorrência 1...
2025-10-31 09:05:34 - INFO - Busca assíncrona concluída.
2025-10-31 09:05:34 - INFO - --- Busca concluída: ---
2025-10-31 09:05:34 - INFO - 0 sucesso(s) (0.00%),
2025-10-31 09:05:34 - INFO - 200 falha(s) (100.00%).
2025-10-31 09:05:34 - INFO - --- Detalhamento dos erros: ---
2025-10-31 09:05:34 - INFO - * HTTP: 200 (403 Forbidden: 0, 429 Too Many Requests: 200)
2025-10-31 09:05:34 - INFO - * Timeout: 0
2025-10-31 09:05:34 - INFO - * Ausentes: 0
2025-10-31 09:05:34 - INFO - * Outros: 0
2025-10-31 09:05:34 - INFO - Aguardando 120s antes do próximo batch...

2025-10-31 09:07:34 - INFO - Batch 228/1358 - Processando itens 45401 a 45600 (200 itens)...
2025-10-31 09:07:34 - INFO - Iniciando busca de 'DETALHES' assíncrona para 200 AppIDs com concorrência 1...
2025-10-31 09:08:58 - INFO - Busca assíncrona concluída.
2025-10-31 09:08:58 - INFO - --- Busca concluída: ---
2025-10-31 09:08:58 - INFO - 188 sucesso(s) (94.00%),
2025-10-31 09:08:58 - INFO - 12 falha(s) (6.00%).
2025-10-31 09:08:58 - INFO - --- Detalhamento dos erros: ---
2025-10-31 09:08:58 - INFO - * HTTP: 0 (403 Forbidden: 0, 429 Too Many Requests: 0)
2025-10-31 09:08:58 - INFO - * Timeout: 0
2025-10-31 09:08:58 - INFO - * Ausentes: 12
2025-10-31 09:08:58 - INFO - * Outros: 0
2025-10-31 09:08:58 - INFO - Aguardando 120s antes do próximo batch...

2025-10-31 09:10:58 - INFO - Batch 229/1358 - Processando itens 45601 a 45800 (200 itens)...
2025-10-31 09:10:58 - INFO - Iniciando busca de 'DETALHES' assíncrona para 200 AppIDs com concorrência 1...
2025-10-31 09:12:18 - INFO - Busca assíncrona concluída.
2025-10-31 09:12:18 - INFO - --- Busca concluída: ---
2025-10-31 09:12:18 - INFO - 0 sucesso(s) (0.00%),
2025-10-31 09:12:18 - INFO - 200 falha(s) (100.00%).
2025-10-31 09:12:18 - INFO - --- Detalhamento dos erros: ---
2025-10-31 09:12:18 - INFO - * HTTP: 200 (403 Forbidden: 0, 429 Too Many Requests: 200)
2025-10-31 09:12:18 - INFO - * Timeout: 0
2025-10-31 09:12:18 - INFO - * Ausentes: 0
2025-10-31 09:12:18 - INFO - * Outros: 0
2025-10-31 09:12:18 - INFO - Aguardando 120s antes do próximo batch...

2025-10-31 09:14:18 - INFO - Batch 230/1358 - Processando itens 45801 a 46000 (200 itens)...
2025-10-31 09:14:18 - INFO - Iniciando busca de 'DETALHES' assíncrona para 200 AppIDs com concorrência 1...
2025-10-31 09:15:43 - INFO - Busca assíncrona concluída.
2025-10-31 09:15:43 - INFO - --- Busca concluída: ---
2025-10-31 09:15:43 - INFO - 194 sucesso(s) (97.00%),
2025-10-31 09:15:43 - INFO - 6 falha(s) (3.00%).
2025-10-31 09:15:43 - INFO - --- Detalhamento dos erros: ---
2025-10-31 09:15:43 - INFO - * HTTP: 0 (403 Forbidden: 0, 429 Too Many Requests: 0)
2025-10-31 09:15:43 - INFO - * Timeout: 0
2025-10-31 09:15:43 - INFO - * Ausentes: 6
2025-10-31 09:15:43 - INFO - * Outros: 0
2025-10-31 09:15:43 - INFO - Aguardando 120s antes do próximo batch...

2025-10-31 09:17:43 - INFO - Batch 231/1358 - Processando itens 46001 a 46200 (200 itens)...
2025-10-31 09:17:43 - INFO - Iniciando busca de 'DETALHES' assíncrona para 200 AppIDs com concorrência 1...
2025-10-31 09:19:06 - INFO - Busca assíncrona concluída.
2025-10-31 09:19:06 - INFO - --- Busca concluída: ---
2025-10-31 09:19:06 - INFO - 0 sucesso(s) (0.00%),
2025-10-31 09:19:06 - INFO - 200 falha(s) (100.00%).
2025-10-31 09:19:06 - INFO - --- Detalhamento dos erros: ---
2025-10-31 09:19:06 - INFO - * HTTP: 200 (403 Forbidden: 0, 429 Too Many Requests: 200)
2025-10-31 09:19:06 - INFO - * Timeout: 0
2025-10-31 09:19:06 - INFO - * Ausentes: 0
2025-10-31 09:19:06 - INFO - * Outros: 0
2025-10-31 09:19:06 - INFO - Aguardando 120s antes do próximo batch...

2025-10-31 09:21:06 - INFO - Batch 232/1358 - Processando itens 46201 a 46400 (200 itens)...
2025-10-31 09:21:06 - INFO - Iniciando busca de 'DETALHES' assíncrona para 200 AppIDs com concorrência 1...
2025-10-31 09:22:28 - INFO - Busca assíncrona concluída.
2025-10-31 09:22:28 - INFO - --- Busca concluída: ---
2025-10-31 09:22:28 - INFO - 186 sucesso(s) (93.00%),
2025-10-31 09:22:28 - INFO - 14 falha(s) (7.00%).
2025-10-31 09:22:28 - INFO - --- Detalhamento dos erros: ---
2025-10-31 09:22:28 - INFO - * HTTP: 0 (403 Forbidden: 0, 429 Too Many Requests: 0)
2025-10-31 09:22:28 - INFO - * Timeout: 0
2025-10-31 09:22:28 - INFO - * Ausentes: 14
2025-10-31 09:22:28 - INFO - * Outros: 0
2025-10-31 09:22:28 - INFO - Aguardando 120s antes do próximo batch...

2025-10-31 09:24:28 - INFO - Batch 233/1358 - Processando itens 46401 a 46600 (200 itens)...
2025-10-31 09:24:28 - INFO - Iniciando busca de 'DETALHES' assíncrona para 200 AppIDs com concorrência 1...
2025-10-31 09:25:44 - INFO - Busca assíncrona concluída.
2025-10-31 09:25:44 - INFO - --- Busca concluída: ---
2025-10-31 09:25:44 - INFO - 0 sucesso(s) (0.00%),
2025-10-31 09:25:44 - INFO - 200 falha(s) (100.00%).
2025-10-31 09:25:44 - INFO - --- Detalhamento dos erros: ---
2025-10-31 09:25:44 - INFO - * HTTP: 200 (403 Forbidden: 0, 429 Too Many Requests: 200)
2025-10-31 09:25:44 - INFO - * Timeout: 0
2025-10-31 09:25:44 - INFO - * Ausentes: 0
2025-10-31 09:25:44 - INFO - * Outros: 0
2025-10-31 09:25:44 - INFO - Aguardando 120s antes do próximo batch...

2025-10-31 09:27:44 - INFO - Batch 234/1358 - Processando itens 46601 a 46800 (200 itens)...
2025-10-31 09:27:44 - INFO - Iniciando busca de 'DETALHES' assíncrona para 200 AppIDs com concorrência 1...
2025-10-31 09:29:07 - INFO - Busca assíncrona concluída.
2025-10-31 09:29:07 - INFO - --- Busca concluída: ---
2025-10-31 09:29:07 - INFO - 185 sucesso(s) (92.50%),
2025-10-31 09:29:07 - INFO - 15 falha(s) (7.50%).
2025-10-31 09:29:07 - INFO - --- Detalhamento dos erros: ---
2025-10-31 09:29:07 - INFO - * HTTP: 0 (403 Forbidden: 0, 429 Too Many Requests: 0)
2025-10-31 09:29:07 - INFO - * Timeout: 0
2025-10-31 09:29:07 - INFO - * Ausentes: 15
2025-10-31 09:29:07 - INFO - * Outros: 0
2025-10-31 09:29:07 - INFO - Aguardando 120s antes do próximo batch...

2025-10-31 09:31:07 - INFO - Batch 235/1358 - Processando itens 46801 a 47000 (200 itens)...
2025-10-31 09:31:07 - INFO - Iniciando busca de 'DETALHES' assíncrona para 200 AppIDs com concorrência 1...
2025-10-31 09:32:20 - INFO - Busca assíncrona concluída.
2025-10-31 09:32:20 - INFO - --- Busca concluída: ---
2025-10-31 09:32:20 - INFO - 0 sucesso(s) (0.00%),
2025-10-31 09:32:20 - INFO - 200 falha(s) (100.00%).
2025-10-31 09:32:20 - INFO - --- Detalhamento dos erros: ---
2025-10-31 09:32:20 - INFO - * HTTP: 200 (403 Forbidden: 0, 429 Too Many Requests: 200)
2025-10-31 09:32:20 - INFO - * Timeout: 0
2025-10-31 09:32:20 - INFO - * Ausentes: 0
2025-10-31 09:32:20 - INFO - * Outros: 0
2025-10-31 09:32:20 - INFO - Aguardando 120s antes do próximo batch...

2025-10-31 09:34:20 - INFO - Batch 236/1358 - Processando itens 47001 a 47200 (200 itens)...
2025-10-31 09:34:20 - INFO - Iniciando busca de 'DETALHES' assíncrona para 200 AppIDs com concorrência 1...
2025-10-31 09:35:39 - INFO - Busca assíncrona concluída.
2025-10-31 09:35:39 - INFO - --- Busca concluída: ---
2025-10-31 09:35:39 - INFO - 191 sucesso(s) (95.50%),
2025-10-31 09:35:39 - INFO - 9 falha(s) (4.50%).
2025-10-31 09:35:39 - INFO - --- Detalhamento dos erros: ---
2025-10-31 09:35:39 - INFO - * HTTP: 0 (403 Forbidden: 0, 429 Too Many Requests: 0)
2025-10-31 09:35:39 - INFO - * Timeout: 0
2025-10-31 09:35:39 - INFO - * Ausentes: 9
2025-10-31 09:35:39 - INFO - * Outros: 0
2025-10-31 09:35:39 - INFO - Aguardando 120s antes do próximo batch...

2025-10-31 09:37:39 - INFO - Batch 237/1358 - Processando itens 47201 a 47400 (200 itens)...
2025-10-31 09:37:39 - INFO - Iniciando busca de 'DETALHES' assíncrona para 200 AppIDs com concorrência 1...
2025-10-31 09:39:02 - INFO - Busca assíncrona concluída.
2025-10-31 09:39:02 - INFO - --- Busca concluída: ---
2025-10-31 09:39:02 - INFO - 0 sucesso(s) (0.00%),
2025-10-31 09:39:02 - INFO - 200 falha(s) (100.00%).
2025-10-31 09:39:02 - INFO - --- Detalhamento dos erros: ---
2025-10-31 09:39:02 - INFO - * HTTP: 200 (403 Forbidden: 0, 429 Too Many Requests: 200)
2025-10-31 09:39:02 - INFO - * Timeout: 0
2025-10-31 09:39:02 - INFO - * Ausentes: 0
2025-10-31 09:39:02 - INFO - * Outros: 0
2025-10-31 09:39:02 - INFO - Aguardando 120s antes do próximo batch...

2025-10-31 09:41:02 - INFO - Batch 238/1358 - Processando itens 47401 a 47600 (200 itens)...
2025-10-31 09:41:02 - INFO - Iniciando busca de 'DETALHES' assíncrona para 200 AppIDs com concorrência 1...
2025-10-31 09:42:31 - INFO - Busca assíncrona concluída.
2025-10-31 09:42:31 - INFO - --- Busca concluída: ---
2025-10-31 09:42:31 - INFO - 195 sucesso(s) (97.50%),
2025-10-31 09:42:31 - INFO - 5 falha(s) (2.50%).
2025-10-31 09:42:31 - INFO - --- Detalhamento dos erros: ---
2025-10-31 09:42:31 - INFO - * HTTP: 0 (403 Forbidden: 0, 429 Too Many Requests: 0)
2025-10-31 09:42:31 - INFO - * Timeout: 0
2025-10-31 09:42:31 - INFO - * Ausentes: 5
2025-10-31 09:42:31 - INFO - * Outros: 0
2025-10-31 09:42:31 - INFO - Aguardando 120s antes do próximo batch...

2025-10-31 09:44:31 - INFO - Batch 239/1358 - Processando itens 47601 a 47800 (200 itens)...
2025-10-31 09:44:31 - INFO - Iniciando busca de 'DETALHES' assíncrona para 200 AppIDs com concorrência 1...
2025-10-31 09:45:49 - INFO - Busca assíncrona concluída.
2025-10-31 09:45:49 - INFO - --- Busca concluída: ---
2025-10-31 09:45:49 - INFO - 0 sucesso(s) (0.00%),
2025-10-31 09:45:49 - INFO - 200 falha(s) (100.00%).
2025-10-31 09:45:49 - INFO - --- Detalhamento dos erros: ---
2025-10-31 09:45:49 - INFO - * HTTP: 200 (403 Forbidden: 0, 429 Too Many Requests: 200)
2025-10-31 09:45:49 - INFO - * Timeout: 0
2025-10-31 09:45:49 - INFO - * Ausentes: 0
2025-10-31 09:45:49 - INFO - * Outros: 0
2025-10-31 09:45:49 - INFO - Aguardando 120s antes do próximo batch...

2025-10-31 09:47:49 - INFO - Batch 240/1358 - Processando itens 47801 a 48000 (200 itens)...
2025-10-31 09:47:49 - INFO - Iniciando busca de 'DETALHES' assíncrona para 200 AppIDs com concorrência 1...
2025-10-31 09:49:18 - INFO - Busca assíncrona concluída.
2025-10-31 09:49:18 - INFO - --- Busca concluída: ---
2025-10-31 09:49:18 - INFO - 197 sucesso(s) (98.50%),
2025-10-31 09:49:18 - INFO - 3 falha(s) (1.50%).
2025-10-31 09:49:18 - INFO - --- Detalhamento dos erros: ---
2025-10-31 09:49:18 - INFO - * HTTP: 0 (403 Forbidden: 0, 429 Too Many Requests: 0)
2025-10-31 09:49:18 - INFO - * Timeout: 0
2025-10-31 09:49:18 - INFO - * Ausentes: 3
2025-10-31 09:49:18 - INFO - * Outros: 0
2025-10-31 09:49:18 - INFO - Aguardando 120s antes do próximo batch...

2025-10-31 09:51:18 - INFO - Batch 241/1358 - Processando itens 48001 a 48200 (200 itens)...
2025-10-31 09:51:18 - INFO - Iniciando busca de 'DETALHES' assíncrona para 200 AppIDs com concorrência 1...
2025-10-31 09:52:42 - INFO - Busca assíncrona concluída.
2025-10-31 09:52:42 - INFO - --- Busca concluída: ---
2025-10-31 09:52:42 - INFO - 0 sucesso(s) (0.00%),
2025-10-31 09:52:42 - INFO - 200 falha(s) (100.00%).
2025-10-31 09:52:42 - INFO - --- Detalhamento dos erros: ---
2025-10-31 09:52:42 - INFO - * HTTP: 200 (403 Forbidden: 0, 429 Too Many Requests: 200)
2025-10-31 09:52:42 - INFO - * Timeout: 0
2025-10-31 09:52:42 - INFO - * Ausentes: 0
2025-10-31 09:52:42 - INFO - * Outros: 0
2025-10-31 09:52:42 - INFO - Aguardando 120s antes do próximo batch...

2025-10-31 09:54:42 - INFO - Batch 242/1358 - Processando itens 48201 a 48400 (200 itens)...
2025-10-31 09:54:42 - INFO - Iniciando busca de 'DETALHES' assíncrona para 200 AppIDs com concorrência 1...
2025-10-31 09:56:08 - INFO - Busca assíncrona concluída.
2025-10-31 09:56:08 - INFO - --- Busca concluída: ---
2025-10-31 09:56:08 - INFO - 196 sucesso(s) (98.00%),
2025-10-31 09:56:08 - INFO - 4 falha(s) (2.00%).
2025-10-31 09:56:08 - INFO - --- Detalhamento dos erros: ---
2025-10-31 09:56:08 - INFO - * HTTP: 0 (403 Forbidden: 0, 429 Too Many Requests: 0)
2025-10-31 09:56:08 - INFO - * Timeout: 0
2025-10-31 09:56:08 - INFO - * Ausentes: 4
2025-10-31 09:56:08 - INFO - * Outros: 0
2025-10-31 09:56:08 - INFO - Aguardando 120s antes do próximo batch...

2025-10-31 09:58:08 - INFO - Batch 243/1358 - Processando itens 48401 a 48600 (200 itens)...
2025-10-31 09:58:08 - INFO - Iniciando busca de 'DETALHES' assíncrona para 200 AppIDs com concorrência 1...
2025-10-31 09:59:18 - INFO - Busca assíncrona concluída.
2025-10-31 09:59:18 - INFO - --- Busca concluída: ---
2025-10-31 09:59:18 - INFO - 0 sucesso(s) (0.00%),
2025-10-31 09:59:18 - INFO - 200 falha(s) (100.00%).
2025-10-31 09:59:18 - INFO - --- Detalhamento dos erros: ---
2025-10-31 09:59:18 - INFO - * HTTP: 200 (403 Forbidden: 0, 429 Too Many Requests: 200)
2025-10-31 09:59:18 - INFO - * Timeout: 0
2025-10-31 09:59:18 - INFO - * Ausentes: 0
2025-10-31 09:59:18 - INFO - * Outros: 0
2025-10-31 09:59:18 - INFO - Aguardando 120s antes do próximo batch...

2025-10-31 10:01:18 - INFO - Batch 244/1358 - Processando itens 48601 a 48800 (200 itens)...
2025-10-31 10:01:18 - INFO - Iniciando busca de 'DETALHES' assíncrona para 200 AppIDs com concorrência 1...
